-- phpMyAdmin SQL Dump
-- version 5.2.0
-- https://www.phpmyadmin.net/
--
-- Host: 127.0.0.1
-- Generation Time: Oct 06, 2022 at 03:27 PM
-- Server version: 10.4.25-MariaDB
-- PHP Version: 8.1.10

SET SQL_MODE = "NO_AUTO_VALUE_ON_ZERO";
START TRANSACTION;
SET time_zone = "+00:00";


/*!40101 SET @OLD_CHARACTER_SET_CLIENT=@@CHARACTER_SET_CLIENT */;
/*!40101 SET @OLD_CHARACTER_SET_RESULTS=@@CHARACTER_SET_RESULTS */;
/*!40101 SET @OLD_COLLATION_CONNECTION=@@COLLATION_CONNECTION */;
/*!40101 SET NAMES utf8mb4 */;

--
-- Database: `brightsolid`
--

-- --------------------------------------------------------

--
-- Table structure for table `account`
--

CREATE TABLE `account` (
  `account_id` int(11) NOT NULL,
  `account_ref` varchar(20) NOT NULL,
  `platform_id` int(11) NOT NULL,
  `customer_id` int(11) NOT NULL
) ENGINE=InnoDB DEFAULT CHARSET=utf8mb4;

--
-- Dumping data for table `account`
--

INSERT INTO `account` (`account_id`, `account_ref`, `platform_id`, `customer_id`) VALUES
(1, '11072135518', 2, 1);

-- --------------------------------------------------------

--
-- Table structure for table `customer`
--

CREATE TABLE `customer` (
  `customer_id` int(11) NOT NULL,
  `customer_name` varchar(20) NOT NULL
) ENGINE=InnoDB DEFAULT CHARSET=utf8mb4;

--
-- Dumping data for table `customer`
--

INSERT INTO `customer` (`customer_id`, `customer_name`) VALUES
(1, 'brightsolid');

-- --------------------------------------------------------

--
-- Table structure for table `exception`
--

CREATE TABLE `exception` (
  `exception_id` int(11) NOT NULL,
  `customer_id` int(11) NOT NULL,
  `rule_id` int(11) NOT NULL,
  `last_updated_by` int(11) NOT NULL,
  `exception_value` varchar(20) NOT NULL,
  `justification` varchar(300) NOT NULL,
  `review_date` timestamp NULL DEFAULT NULL,
  `last_updated` timestamp NULL DEFAULT NULL
) ENGINE=InnoDB DEFAULT CHARSET=utf8mb4;

--
-- Dumping data for table `exception`
--

INSERT INTO `exception` (`exception_id`, `customer_id`, `rule_id`, `last_updated_by`, `exception_value`, `justification`, `review_date`, `last_updated`) VALUES
(1, 1, 4, 1, 'bs-quorum-dropbox', 'Enabled by system', '2022-12-12 16:23:59', '2022-09-12 16:25:36'),
(3, 1, 4, 1, 'bsol-dev-bakery-asse', 'Enabled by system', '2022-12-12 16:23:59', '2022-09-12 16:25:36');

-- --------------------------------------------------------

--
-- Table structure for table `exception_audit`
--

CREATE TABLE `exception_audit` (
  `exception_audit_id` int(11) NOT NULL,
  `exception_id` int(11) NOT NULL,
  `user_id` int(11) NOT NULL,
  `customer_id` int(11) NOT NULL,
  `rule_id` int(11) NOT NULL,
  `action` varchar(300) NOT NULL,
  `action_dt` timestamp NULL DEFAULT NULL,
  `old_exception_value` varchar(20) NOT NULL,
  `new_exception_value` varchar(20) NOT NULL,
  `old_justification` varchar(300) NOT NULL,
  `new_justification` varchar(300) NOT NULL,
  `old_review_date` timestamp NULL DEFAULT NULL,
  `new_review_date` timestamp NULL DEFAULT NULL
) ENGINE=InnoDB DEFAULT CHARSET=utf8mb4;

-- --------------------------------------------------------

--
-- Table structure for table `non_compliance`
--

CREATE TABLE `non_compliance` (
  `resource_id` int(11) NOT NULL,
  `rule_id` int(11) NOT NULL
) ENGINE=InnoDB DEFAULT CHARSET=utf8mb4;

--
-- Dumping data for table `non_compliance`
--

INSERT INTO `non_compliance` (`resource_id`, `rule_id`) VALUES
(1138, 4),
(1139, 2),
(1140, 2),
(1141, 2),
(1142, 2),
(1143, 2),
(1144, 3),
(1145, 4),
(1151, 1),
(1152, 1),
(1153, 1),
(1269, 1),
(1319, 4),
(1320, 4),
(1321, 4),
(1323, 2),
(1324, 4),
(1325, 2),
(1325, 4),
(1328, 2),
(1329, 4),
(1330, 4),
(1335, 4);

-- --------------------------------------------------------

--
-- Table structure for table `non_compliance_audit`
--

CREATE TABLE `non_compliance_audit` (
  `non_complaince_audit_id` int(11) NOT NULL,
  `non_compliance_id` int(11) NOT NULL,
  `resource_id` int(11) NOT NULL,
  `rule_id` int(11) NOT NULL,
  `user_id` int(11) NOT NULL,
  `action` varchar(300) NOT NULL,
  `action_dt` timestamp NOT NULL DEFAULT current_timestamp() ON UPDATE current_timestamp()
) ENGINE=InnoDB DEFAULT CHARSET=utf8mb4;

-- --------------------------------------------------------

--
-- Table structure for table `platform`
--

CREATE TABLE `platform` (
  `platform_id` int(11) NOT NULL,
  `platform_name` varchar(20) NOT NULL
) ENGINE=InnoDB DEFAULT CHARSET=utf8mb4;

--
-- Dumping data for table `platform`
--

INSERT INTO `platform` (`platform_id`, `platform_name`) VALUES
(2, 'aws'),
(3, 'azure');

-- --------------------------------------------------------

--
-- Table structure for table `resource`
--

CREATE TABLE `resource` (
  `resource_id` int(11) NOT NULL,
  `resource_ref` varchar(20) NOT NULL,
  `account_id` int(11) NOT NULL,
  `resource_type_id` int(11) NOT NULL,
  `resource_name` varchar(20) NOT NULL,
  `last_updated` timestamp NOT NULL DEFAULT current_timestamp() ON UPDATE current_timestamp(),
  `resource_metadata` longtext CHARACTER SET utf8mb4 COLLATE utf8mb4_bin NOT NULL CHECK (json_valid(`resource_metadata`))
) ENGINE=InnoDB DEFAULT CHARSET=utf8mb4;

--
-- Dumping data for table `resource`
--

INSERT INTO `resource` (`resource_id`, `resource_ref`, `account_id`, `resource_type_id`, `resource_name`, `last_updated`, `resource_metadata`) VALUES
(1128, 'i-060476bb31df657e7', 1, 1, 'vault test', '2022-09-08 13:18:25', '{\"AmiLaunchIndex\": 0, \"ImageId\": \"ami-0089b31e09ac3fffc\", \"InstanceId\": \"i-060476bb31df657e7\", \"InstanceType\": \"t2.micro\", \"KeyName\": \"pc-dev-keypair01\", \"LaunchTime\": \"2021-04-12T15:41:40+00:00\", \"Monitoring\": {\"State\": \"disabled\"}, \"Placement\": {\"AvailabilityZone\": \"eu-west-2a\", \"GroupName\": \"\", \"Tenancy\": \"default\"}, \"PrivateDnsName\": \"ip-10-184-0-18.eu-west-2.compute.internal\", \"PrivateIpAddress\": \"10.184.0.18\", \"ProductCodes\": [], \"PublicDnsName\": \"\", \"State\": {\"Code\": 80, \"Name\": \"stopped\"}, \"StateTransitionReason\": \"User initiated (2021-04-12 15:43:14 GMT)\", \"SubnetId\": \"subnet-0385927a7d61e8706\", \"VpcId\": \"vpc-05da5d22d7bd6f8cf\", \"Architecture\": \"x86_64\", \"BlockDeviceMappings\": [{\"DeviceName\": \"/dev/xvda\", \"Ebs\": {\"AttachTime\": \"2020-02-10T21:21:24+00:00\", \"DeleteOnTermination\": true, \"Status\": \"attached\", \"VolumeId\": \"vol-0e181efd2ccb65947\"}}], \"ClientToken\": \"\", \"EbsOptimized\": false, \"EnaSupport\": true, \"Hypervisor\": \"xen\", \"IamInstanceProfile\": {\"Arn\": \"arn:aws:iam::011072135518:instance-profile/vaultInstanceProfile\", \"Id\": \"AIPAQFE7TMFPMA6DXMOQM\"}, \"NetworkInterfaces\": [{\"Attachment\": {\"AttachTime\": \"2020-02-10T21:21:23+00:00\", \"AttachmentId\": \"eni-attach-0ab8f83f7f6acfb0a\", \"DeleteOnTermination\": true, \"DeviceIndex\": 0, \"Status\": \"attached\", \"NetworkCardIndex\": 0}, \"Description\": \"\", \"Groups\": [{\"GroupName\": \"launch-wizard-4\", \"GroupId\": \"sg-0072d99591e9b5afb\"}], \"Ipv6Addresses\": [], \"MacAddress\": \"06:70:52:26:68:62\", \"NetworkInterfaceId\": \"eni-0aa1501647f12ae7f\", \"OwnerId\": \"011072135518\", \"PrivateDnsName\": \"ip-10-184-0-18.eu-west-2.compute.internal\", \"PrivateIpAddress\": \"10.184.0.18\", \"PrivateIpAddresses\": [{\"Primary\": true, \"PrivateDnsName\": \"ip-10-184-0-18.eu-west-2.compute.internal\", \"PrivateIpAddress\": \"10.184.0.18\"}], \"SourceDestCheck\": true, \"Status\": \"in-use\", \"SubnetId\": \"subnet-0385927a7d61e8706\", \"VpcId\": \"vpc-05da5d22d7bd6f8cf\", \"InterfaceType\": \"interface\"}], \"RootDeviceName\": \"/dev/xvda\", \"RootDeviceType\": \"ebs\", \"SecurityGroups\": [{\"GroupName\": \"launch-wizard-4\", \"GroupId\": \"sg-0072d99591e9b5afb\"}], \"SourceDestCheck\": true, \"StateReason\": {\"Code\": \"Client.UserInitiatedShutdown\", \"Message\": \"Client.UserInitiatedShutdown: User initiated shutdown\"}, \"Tags\": [{\"Key\": \"customer\", \"Value\": \"brightsolid\"}, {\"Key\": \"customer_code\", \"Value\": \"16BSOT01\"}, {\"Key\": \"project_code\", \"Value\": \"08-BSOT-931\"}, {\"Key\": \"Name\", \"Value\": \"vault test\"}, {\"Key\": \"resource_owner\", \"Value\": \"109bb604.brightsolid.com@emea.teams.ms\"}, {\"Key\": \"c7n:FindingId:ec2-instance-with-invalid-customer\", \"Value\": \"eu-west-2/011072135518/10b41698007565e1d396787f129479ce/f2e74d392bf3eaf1359eb8e6c4530568:2020-09-10T16:10:14.602386+00:00\"}], \"VirtualizationType\": \"hvm\", \"CpuOptions\": {\"CoreCount\": 1, \"ThreadsPerCore\": 1}, \"CapacityReservationSpecification\": {\"CapacityReservationPreference\": \"open\"}, \"HibernationOptions\": {\"Configured\": false}, \"MetadataOptions\": {\"State\": \"applied\", \"HttpTokens\": \"optional\", \"HttpPutResponseHopLimit\": 1, \"HttpEndpoint\": \"enabled\", \"HttpProtocolIpv6\": \"disabled\", \"InstanceMetadataTags\": \"disabled\"}, \"EnclaveOptions\": {\"Enabled\": false}, \"PlatformDetails\": \"Linux/UNIX\", \"UsageOperation\": \"RunInstances\", \"UsageOperationUpdateTime\": \"2020-02-10T21:21:23+00:00\", \"PrivateDnsNameOptions\": {}, \"MaintenanceOptions\": {\"AutoRecovery\": \"default\"}}'),
(1129, 'i-0e51ddd315580fd58', 1, 1, 'Vault Auth Test', '2022-09-08 13:18:25', '{\"AmiLaunchIndex\": 0, \"ImageId\": \"ami-01a6e31ac994bbc09\", \"InstanceId\": \"i-0e51ddd315580fd58\", \"InstanceType\": \"t2.nano\", \"KeyName\": \"pc-dev-keypair01\", \"LaunchTime\": \"2020-04-16T09:44:16+00:00\", \"Monitoring\": {\"State\": \"disabled\"}, \"Placement\": {\"AvailabilityZone\": \"eu-west-2a\", \"GroupName\": \"\", \"Tenancy\": \"default\"}, \"PrivateDnsName\": \"ip-10-184-0-139.eu-west-2.compute.internal\", \"PrivateIpAddress\": \"10.184.0.139\", \"ProductCodes\": [], \"PublicDnsName\": \"\", \"State\": {\"Code\": 80, \"Name\": \"stopped\"}, \"StateTransitionReason\": \"User initiated (2020-07-31 15:40:10 GMT)\", \"SubnetId\": \"subnet-0385927a7d61e8706\", \"VpcId\": \"vpc-05da5d22d7bd6f8cf\", \"Architecture\": \"x86_64\", \"BlockDeviceMappings\": [{\"DeviceName\": \"/dev/xvda\", \"Ebs\": {\"AttachTime\": \"2020-04-16T09:44:17+00:00\", \"DeleteOnTermination\": true, \"Status\": \"attached\", \"VolumeId\": \"vol-0d589e5ded91a1aa2\"}}], \"ClientToken\": \"\", \"EbsOptimized\": false, \"EnaSupport\": true, \"Hypervisor\": \"xen\", \"IamInstanceProfile\": {\"Arn\": \"arn:aws:iam::011072135518:instance-profile/Vault_Client\", \"Id\": \"AIPAQFE7TMFPMBUAKVFGZ\"}, \"NetworkInterfaces\": [{\"Attachment\": {\"AttachTime\": \"2020-04-16T09:44:16+00:00\", \"AttachmentId\": \"eni-attach-017741bad6f8d893f\", \"DeleteOnTermination\": true, \"DeviceIndex\": 0, \"Status\": \"attached\", \"NetworkCardIndex\": 0}, \"Description\": \"Primary network interface\", \"Groups\": [{\"GroupName\": \"launch-wizard-4\", \"GroupId\": \"sg-0072d99591e9b5afb\"}], \"Ipv6Addresses\": [], \"MacAddress\": \"06:49:82:e3:89:c2\", \"NetworkInterfaceId\": \"eni-0ba6b424f3dbe9dc7\", \"OwnerId\": \"011072135518\", \"PrivateDnsName\": \"ip-10-184-0-139.eu-west-2.compute.internal\", \"PrivateIpAddress\": \"10.184.0.139\", \"PrivateIpAddresses\": [{\"Primary\": true, \"PrivateDnsName\": \"ip-10-184-0-139.eu-west-2.compute.internal\", \"PrivateIpAddress\": \"10.184.0.139\"}], \"SourceDestCheck\": true, \"Status\": \"in-use\", \"SubnetId\": \"subnet-0385927a7d61e8706\", \"VpcId\": \"vpc-05da5d22d7bd6f8cf\", \"InterfaceType\": \"interface\"}], \"RootDeviceName\": \"/dev/xvda\", \"RootDeviceType\": \"ebs\", \"SecurityGroups\": [{\"GroupName\": \"launch-wizard-4\", \"GroupId\": \"sg-0072d99591e9b5afb\"}], \"SourceDestCheck\": true, \"StateReason\": {\"Code\": \"Client.UserInitiatedShutdown\", \"Message\": \"Client.UserInitiatedShutdown: User initiated shutdown\"}, \"Tags\": [{\"Key\": \"c7n:FindingId:ec2-instance-with-invalid-customer\", \"Value\": \"eu-west-2/011072135518/10b41698007565e1d396787f129479ce/6d239a83b5c37cf6c9ebd4e28762e3fb:2020-09-10T16:10:14.602386+00:00\"}, {\"Key\": \"customer_code\", \"Value\": \"16BSOT01\"}, {\"Key\": \"customer\", \"Value\": \"brightsolid\"}, {\"Key\": \"Name\", \"Value\": \"Vault Auth Test\"}, {\"Key\": \"project_code\", \"Value\": \"08-BSOT-931\"}, {\"Key\": \"resource_owner\", \"Value\": \"109bb604.brightsolid.com@emea.teams.ms\"}], \"VirtualizationType\": \"hvm\", \"CpuOptions\": {\"CoreCount\": 1, \"ThreadsPerCore\": 1}, \"CapacityReservationSpecification\": {\"CapacityReservationPreference\": \"open\"}, \"HibernationOptions\": {\"Configured\": false}, \"MetadataOptions\": {\"State\": \"applied\", \"HttpTokens\": \"optional\", \"HttpPutResponseHopLimit\": 1, \"HttpEndpoint\": \"enabled\"}, \"EnclaveOptions\": {\"Enabled\": false}, \"PlatformDetails\": \"Linux/UNIX\", \"UsageOperation\": \"RunInstances\", \"UsageOperationUpdateTime\": \"2020-04-16T09:44:16+00:00\", \"PrivateDnsNameOptions\": {}, \"MaintenanceOptions\": {\"AutoRecovery\": \"default\"}}'),
(1130, 'i-08a220f9238167574', 1, 1, 'vault', '2022-09-08 13:18:25', '{\"AmiLaunchIndex\": 0, \"ImageId\": \"ami-0c137fe9258ba462b\", \"InstanceId\": \"i-08a220f9238167574\", \"InstanceType\": \"t4g.nano\", \"KeyName\": \"pc-dev-keypair01\", \"LaunchTime\": \"2021-03-31T18:46:40+00:00\", \"Monitoring\": {\"State\": \"disabled\"}, \"Placement\": {\"AvailabilityZone\": \"eu-west-2b\", \"GroupName\": \"\", \"Tenancy\": \"default\"}, \"PrivateDnsName\": \"ip-10-184-1-7.eu-west-2.compute.internal\", \"PrivateIpAddress\": \"10.184.1.7\", \"ProductCodes\": [], \"PublicDnsName\": \"\", \"State\": {\"Code\": 16, \"Name\": \"running\"}, \"StateTransitionReason\": \"\", \"SubnetId\": \"subnet-05b18ff772fd0d5ab\", \"VpcId\": \"vpc-05da5d22d7bd6f8cf\", \"Architecture\": \"arm64\", \"BlockDeviceMappings\": [{\"DeviceName\": \"/dev/xvda\", \"Ebs\": {\"AttachTime\": \"2021-03-31T18:46:41+00:00\", \"DeleteOnTermination\": true, \"Status\": \"attached\", \"VolumeId\": \"vol-08cf5074b4b907376\"}}], \"ClientToken\": \"9b15e226-6f97-f175-594b-cabef245ce9d\", \"EbsOptimized\": false, \"EnaSupport\": true, \"Hypervisor\": \"xen\", \"IamInstanceProfile\": {\"Arn\": \"arn:aws:iam::011072135518:instance-profile/vault-role\", \"Id\": \"AIPAQFE7TMFPGLBRKMLCO\"}, \"NetworkInterfaces\": [{\"Attachment\": {\"AttachTime\": \"2021-03-31T18:46:40+00:00\", \"AttachmentId\": \"eni-attach-01a275f0a65c70b16\", \"DeleteOnTermination\": true, \"DeviceIndex\": 0, \"Status\": \"attached\", \"NetworkCardIndex\": 0}, \"Description\": \"\", \"Groups\": [{\"GroupName\": \"vault-instance-sg\", \"GroupId\": \"sg-008f48ac5922b195d\"}, {\"GroupName\": \"consul-instance-sg\", \"GroupId\": \"sg-0325b525a6a969d73\"}], \"Ipv6Addresses\": [], \"MacAddress\": \"0a:ef:b0:c0:22:cc\", \"NetworkInterfaceId\": \"eni-0cc091ed6a819490b\", \"OwnerId\": \"011072135518\", \"PrivateDnsName\": \"ip-10-184-1-7.eu-west-2.compute.internal\", \"PrivateIpAddress\": \"10.184.1.7\", \"PrivateIpAddresses\": [{\"Primary\": true, \"PrivateDnsName\": \"ip-10-184-1-7.eu-west-2.compute.internal\", \"PrivateIpAddress\": \"10.184.1.7\"}], \"SourceDestCheck\": true, \"Status\": \"in-use\", \"SubnetId\": \"subnet-05b18ff772fd0d5ab\", \"VpcId\": \"vpc-05da5d22d7bd6f8cf\", \"InterfaceType\": \"interface\"}], \"RootDeviceName\": \"/dev/xvda\", \"RootDeviceType\": \"ebs\", \"SecurityGroups\": [{\"GroupName\": \"vault-instance-sg\", \"GroupId\": \"sg-008f48ac5922b195d\"}, {\"GroupName\": \"consul-instance-sg\", \"GroupId\": \"sg-0325b525a6a969d73\"}], \"SourceDestCheck\": true, \"Tags\": [{\"Key\": \"Name\", \"Value\": \"vault\"}, {\"Key\": \"aws:autoscaling:groupName\", \"Value\": \"vault-asg\"}, {\"Key\": \"customer\", \"Value\": \"brightsolid\"}, {\"Key\": \"aws:ec2launchtemplate:version\", \"Value\": \"4\"}, {\"Key\": \"customer_code\", \"Value\": \"16BSOT01\"}, {\"Key\": \"resource_owner\", \"Value\": \"operations@brightsolid.com\"}, {\"Key\": \"project_code\", \"Value\": \"08-BSOT-931\"}, {\"Key\": \"aws:ec2launchtemplate:id\", \"Value\": \"lt-0d666b51cb384f7cb\"}], \"VirtualizationType\": \"hvm\", \"CpuOptions\": {\"CoreCount\": 2, \"ThreadsPerCore\": 1}, \"CapacityReservationSpecification\": {\"CapacityReservationPreference\": \"open\"}, \"HibernationOptions\": {\"Configured\": false}, \"MetadataOptions\": {\"State\": \"applied\", \"HttpTokens\": \"optional\", \"HttpPutResponseHopLimit\": 1, \"HttpEndpoint\": \"enabled\", \"HttpProtocolIpv6\": \"disabled\", \"InstanceMetadataTags\": \"disabled\"}, \"EnclaveOptions\": {\"Enabled\": false}, \"BootMode\": \"uefi\", \"PlatformDetails\": \"Linux/UNIX\", \"UsageOperation\": \"RunInstances\", \"UsageOperationUpdateTime\": \"2021-03-31T18:46:40+00:00\", \"PrivateDnsNameOptions\": {}, \"MaintenanceOptions\": {\"AutoRecovery\": \"default\"}}'),
(1131, 'i-018bd0211080b237d', 1, 1, 'consul-eu-west-2c', '2022-09-08 13:18:25', '{\"AmiLaunchIndex\": 0, \"ImageId\": \"ami-0c137fe9258ba462b\", \"InstanceId\": \"i-018bd0211080b237d\", \"InstanceType\": \"t4g.nano\", \"KeyName\": \"pc-dev-keypair01\", \"LaunchTime\": \"2022-07-10T19:36:32+00:00\", \"Monitoring\": {\"State\": \"disabled\"}, \"Placement\": {\"AvailabilityZone\": \"eu-west-2c\", \"GroupName\": \"\", \"Tenancy\": \"default\"}, \"PrivateDnsName\": \"ip-10-184-2-146.eu-west-2.compute.internal\", \"PrivateIpAddress\": \"10.184.2.146\", \"ProductCodes\": [], \"PublicDnsName\": \"\", \"State\": {\"Code\": 16, \"Name\": \"running\"}, \"StateTransitionReason\": \"\", \"SubnetId\": \"subnet-037423a4d7e1bb05d\", \"VpcId\": \"vpc-05da5d22d7bd6f8cf\", \"Architecture\": \"arm64\", \"BlockDeviceMappings\": [{\"DeviceName\": \"/dev/xvda\", \"Ebs\": {\"AttachTime\": \"2022-07-10T19:36:33+00:00\", \"DeleteOnTermination\": true, \"Status\": \"attached\", \"VolumeId\": \"vol-0d1d1cb0a98322818\"}}], \"ClientToken\": \"dde607a6-738a-5ff6-c29e-8750eac158bb\", \"EbsOptimized\": false, \"EnaSupport\": true, \"Hypervisor\": \"xen\", \"IamInstanceProfile\": {\"Arn\": \"arn:aws:iam::011072135518:instance-profile/consul-role-eu-west-2c\", \"Id\": \"AIPAQFE7TMFPK73BLKUQD\"}, \"NetworkInterfaces\": [{\"Attachment\": {\"AttachTime\": \"2022-07-10T19:36:32+00:00\", \"AttachmentId\": \"eni-attach-02df81eaf05906ec8\", \"DeleteOnTermination\": true, \"DeviceIndex\": 0, \"Status\": \"attached\", \"NetworkCardIndex\": 0}, \"Description\": \"\", \"Groups\": [{\"GroupName\": \"consul-instance-sg\", \"GroupId\": \"sg-0325b525a6a969d73\"}], \"Ipv6Addresses\": [], \"MacAddress\": \"02:3d:dc:80:e5:ce\", \"NetworkInterfaceId\": \"eni-092687a0443fc5ae0\", \"OwnerId\": \"011072135518\", \"PrivateDnsName\": \"ip-10-184-2-146.eu-west-2.compute.internal\", \"PrivateIpAddress\": \"10.184.2.146\", \"PrivateIpAddresses\": [{\"Primary\": true, \"PrivateDnsName\": \"ip-10-184-2-146.eu-west-2.compute.internal\", \"PrivateIpAddress\": \"10.184.2.146\"}], \"SourceDestCheck\": true, \"Status\": \"in-use\", \"SubnetId\": \"subnet-037423a4d7e1bb05d\", \"VpcId\": \"vpc-05da5d22d7bd6f8cf\", \"InterfaceType\": \"interface\"}], \"RootDeviceName\": \"/dev/xvda\", \"RootDeviceType\": \"ebs\", \"SecurityGroups\": [{\"GroupName\": \"consul-instance-sg\", \"GroupId\": \"sg-0325b525a6a969d73\"}], \"SourceDestCheck\": true, \"Tags\": [{\"Key\": \"resource_owner\", \"Value\": \"operations@brightsolid.com\"}, {\"Key\": \"customer_code\", \"Value\": \"16BSOT01\"}, {\"Key\": \"PublicDomainName\", \"Value\": \"consul-eu-west-2c.brightsolid-development.bsolcloud.com\"}, {\"Key\": \"project_code\", \"Value\": \"08-BSOT-931\"}, {\"Key\": \"aws:ec2launchtemplate:id\", \"Value\": \"lt-0eb9b55f7ac8d8300\"}, {\"Key\": \"consulcluster\", \"Value\": \"1\"}, {\"Key\": \"PrivateDomainName\", \"Value\": \"consul-eu-west-2c.brightsolid-development.bsolcloud.com\"}, {\"Key\": \"customer\", \"Value\": \"brightsolid\"}, {\"Key\": \"Name\", \"Value\": \"consul-eu-west-2c\"}, {\"Key\": \"aws:autoscaling:groupName\", \"Value\": \"consul-eu-west-2c-asg\"}, {\"Key\": \"aws:ec2launchtemplate:version\", \"Value\": \"8\"}], \"VirtualizationType\": \"hvm\", \"CpuOptions\": {\"CoreCount\": 2, \"ThreadsPerCore\": 1}, \"CapacityReservationSpecification\": {\"CapacityReservationPreference\": \"open\"}, \"HibernationOptions\": {\"Configured\": false}, \"MetadataOptions\": {\"State\": \"applied\", \"HttpTokens\": \"optional\", \"HttpPutResponseHopLimit\": 1, \"HttpEndpoint\": \"enabled\", \"HttpProtocolIpv6\": \"disabled\", \"InstanceMetadataTags\": \"disabled\"}, \"EnclaveOptions\": {\"Enabled\": false}, \"BootMode\": \"uefi\", \"PlatformDetails\": \"Linux/UNIX\", \"UsageOperation\": \"RunInstances\", \"UsageOperationUpdateTime\": \"2022-07-10T19:36:32+00:00\", \"PrivateDnsNameOptions\": {\"HostnameType\": \"ip-name\", \"EnableResourceNameDnsARecord\": false, \"EnableResourceNameDnsAAAARecord\": false}, \"MaintenanceOptions\": {\"AutoRecovery\": \"default\"}}'),
(1132, 'i-0a7f0da0406dde702', 1, 1, 'vault', '2022-09-08 13:18:25', '{\"AmiLaunchIndex\": 0, \"ImageId\": \"ami-0c137fe9258ba462b\", \"InstanceId\": \"i-0a7f0da0406dde702\", \"InstanceType\": \"t4g.nano\", \"KeyName\": \"pc-dev-keypair01\", \"LaunchTime\": \"2022-07-10T17:49:51+00:00\", \"Monitoring\": {\"State\": \"disabled\"}, \"Placement\": {\"AvailabilityZone\": \"eu-west-2a\", \"GroupName\": \"\", \"Tenancy\": \"default\"}, \"PrivateDnsName\": \"ip-10-184-0-124.eu-west-2.compute.internal\", \"PrivateIpAddress\": \"10.184.0.124\", \"ProductCodes\": [], \"PublicDnsName\": \"\", \"State\": {\"Code\": 16, \"Name\": \"running\"}, \"StateTransitionReason\": \"\", \"SubnetId\": \"subnet-0385927a7d61e8706\", \"VpcId\": \"vpc-05da5d22d7bd6f8cf\", \"Architecture\": \"arm64\", \"BlockDeviceMappings\": [{\"DeviceName\": \"/dev/xvda\", \"Ebs\": {\"AttachTime\": \"2022-07-10T17:49:52+00:00\", \"DeleteOnTermination\": true, \"Status\": \"attached\", \"VolumeId\": \"vol-03207f2066a2ac8cd\"}}], \"ClientToken\": \"c49607a4-ebac-23d2-06cf-c381c7223e4b\", \"EbsOptimized\": false, \"EnaSupport\": true, \"Hypervisor\": \"xen\", \"IamInstanceProfile\": {\"Arn\": \"arn:aws:iam::011072135518:instance-profile/vault-role\", \"Id\": \"AIPAQFE7TMFPGLBRKMLCO\"}, \"NetworkInterfaces\": [{\"Attachment\": {\"AttachTime\": \"2022-07-10T17:49:51+00:00\", \"AttachmentId\": \"eni-attach-09ef4c123d02aea1a\", \"DeleteOnTermination\": true, \"DeviceIndex\": 0, \"Status\": \"attached\", \"NetworkCardIndex\": 0}, \"Description\": \"\", \"Groups\": [{\"GroupName\": \"vault-instance-sg\", \"GroupId\": \"sg-008f48ac5922b195d\"}, {\"GroupName\": \"consul-instance-sg\", \"GroupId\": \"sg-0325b525a6a969d73\"}], \"Ipv6Addresses\": [], \"MacAddress\": \"06:82:51:10:b4:02\", \"NetworkInterfaceId\": \"eni-07452a19b944bb2fe\", \"OwnerId\": \"011072135518\", \"PrivateDnsName\": \"ip-10-184-0-124.eu-west-2.compute.internal\", \"PrivateIpAddress\": \"10.184.0.124\", \"PrivateIpAddresses\": [{\"Primary\": true, \"PrivateDnsName\": \"ip-10-184-0-124.eu-west-2.compute.internal\", \"PrivateIpAddress\": \"10.184.0.124\"}], \"SourceDestCheck\": true, \"Status\": \"in-use\", \"SubnetId\": \"subnet-0385927a7d61e8706\", \"VpcId\": \"vpc-05da5d22d7bd6f8cf\", \"InterfaceType\": \"interface\"}], \"RootDeviceName\": \"/dev/xvda\", \"RootDeviceType\": \"ebs\", \"SecurityGroups\": [{\"GroupName\": \"vault-instance-sg\", \"GroupId\": \"sg-008f48ac5922b195d\"}, {\"GroupName\": \"consul-instance-sg\", \"GroupId\": \"sg-0325b525a6a969d73\"}], \"SourceDestCheck\": true, \"Tags\": [{\"Key\": \"aws:autoscaling:groupName\", \"Value\": \"vault-asg\"}, {\"Key\": \"resource_owner\", \"Value\": \"operations@brightsolid.com\"}, {\"Key\": \"Name\", \"Value\": \"vault\"}, {\"Key\": \"aws:ec2launchtemplate:version\", \"Value\": \"4\"}, {\"Key\": \"customer\", \"Value\": \"brightsolid\"}, {\"Key\": \"project_code\", \"Value\": \"08-BSOT-931\"}, {\"Key\": \"aws:ec2launchtemplate:id\", \"Value\": \"lt-0d666b51cb384f7cb\"}, {\"Key\": \"customer_code\", \"Value\": \"16BSOT01\"}], \"VirtualizationType\": \"hvm\", \"CpuOptions\": {\"CoreCount\": 2, \"ThreadsPerCore\": 1}, \"CapacityReservationSpecification\": {\"CapacityReservationPreference\": \"open\"}, \"HibernationOptions\": {\"Configured\": false}, \"MetadataOptions\": {\"State\": \"applied\", \"HttpTokens\": \"optional\", \"HttpPutResponseHopLimit\": 1, \"HttpEndpoint\": \"enabled\", \"HttpProtocolIpv6\": \"disabled\", \"InstanceMetadataTags\": \"disabled\"}, \"EnclaveOptions\": {\"Enabled\": false}, \"BootMode\": \"uefi\", \"PlatformDetails\": \"Linux/UNIX\", \"UsageOperation\": \"RunInstances\", \"UsageOperationUpdateTime\": \"2022-07-10T17:49:51+00:00\", \"PrivateDnsNameOptions\": {\"HostnameType\": \"ip-name\", \"EnableResourceNameDnsARecord\": false, \"EnableResourceNameDnsAAAARecord\": false}, \"MaintenanceOptions\": {\"AutoRecovery\": \"default\"}}'),
(1133, 'i-0910faa3ec99dc39a', 1, 1, 'BigLogger', '2022-09-08 13:18:25', '{\"AmiLaunchIndex\": 0, \"ImageId\": \"ami-0182fa6d39ecf581c\", \"InstanceId\": \"i-0910faa3ec99dc39a\", \"InstanceType\": \"t4g.small\", \"KeyName\": \"BSOL-LOGROUTER\", \"LaunchTime\": \"2022-06-01T13:17:33+00:00\", \"Monitoring\": {\"State\": \"disabled\"}, \"Placement\": {\"AvailabilityZone\": \"eu-west-2b\", \"GroupName\": \"\", \"Tenancy\": \"default\"}, \"PrivateDnsName\": \"ip-10-184-1-87.eu-west-2.compute.internal\", \"PrivateIpAddress\": \"10.184.1.87\", \"ProductCodes\": [], \"PublicDnsName\": \"\", \"State\": {\"Code\": 16, \"Name\": \"running\"}, \"StateTransitionReason\": \"\", \"SubnetId\": \"subnet-05b18ff772fd0d5ab\", \"VpcId\": \"vpc-05da5d22d7bd6f8cf\", \"Architecture\": \"arm64\", \"BlockDeviceMappings\": [{\"DeviceName\": \"/dev/xvda\", \"Ebs\": {\"AttachTime\": \"2022-06-01T13:17:34+00:00\", \"DeleteOnTermination\": true, \"Status\": \"attached\", \"VolumeId\": \"vol-0cc8f799f2066ee69\"}}], \"ClientToken\": \"\", \"EbsOptimized\": true, \"EnaSupport\": true, \"Hypervisor\": \"xen\", \"IamInstanceProfile\": {\"Arn\": \"arn:aws:iam::011072135518:instance-profile/Test_role_MT\", \"Id\": \"AIPAQFE7TMFPEJJ2GXBQ5\"}, \"NetworkInterfaces\": [{\"Attachment\": {\"AttachTime\": \"2022-06-01T13:17:33+00:00\", \"AttachmentId\": \"eni-attach-0f6c90f8ab316cc1b\", \"DeleteOnTermination\": true, \"DeviceIndex\": 0, \"Status\": \"attached\", \"NetworkCardIndex\": 0}, \"Description\": \"\", \"Groups\": [{\"GroupName\": \"launch-wizard-13\", \"GroupId\": \"sg-07c328b8ce4c8709e\"}, {\"GroupName\": \"brightsolid Dev/Test-vpc01-nat-egress-allowed\", \"GroupId\": \"sg-097b43b999d9a174f\"}], \"Ipv6Addresses\": [], \"MacAddress\": \"0a:a3:a4:8e:4c:08\", \"NetworkInterfaceId\": \"eni-0f380c67b14b459a0\", \"OwnerId\": \"011072135518\", \"PrivateDnsName\": \"ip-10-184-1-87.eu-west-2.compute.internal\", \"PrivateIpAddress\": \"10.184.1.87\", \"PrivateIpAddresses\": [{\"Primary\": true, \"PrivateDnsName\": \"ip-10-184-1-87.eu-west-2.compute.internal\", \"PrivateIpAddress\": \"10.184.1.87\"}], \"SourceDestCheck\": true, \"Status\": \"in-use\", \"SubnetId\": \"subnet-05b18ff772fd0d5ab\", \"VpcId\": \"vpc-05da5d22d7bd6f8cf\", \"InterfaceType\": \"interface\"}], \"RootDeviceName\": \"/dev/xvda\", \"RootDeviceType\": \"ebs\", \"SecurityGroups\": [{\"GroupName\": \"launch-wizard-13\", \"GroupId\": \"sg-07c328b8ce4c8709e\"}, {\"GroupName\": \"brightsolid Dev/Test-vpc01-nat-egress-allowed\", \"GroupId\": \"sg-097b43b999d9a174f\"}], \"SourceDestCheck\": true, \"Tags\": [{\"Key\": \"resource_owner\", \"Value\": \"109bb604.brightsolid.com@emea.teams.ms\"}, {\"Key\": \"Name\", \"Value\": \"BigLogger\"}, {\"Key\": \"project_code\", \"Value\": \"08-BSOT-931\"}, {\"Key\": \"customer\", \"Value\": \"brightsolid\"}, {\"Key\": \"customer_code\", \"Value\": \"16BSOT01\"}], \"VirtualizationType\": \"hvm\", \"CpuOptions\": {\"CoreCount\": 2, \"ThreadsPerCore\": 1}, \"CapacityReservationSpecification\": {\"CapacityReservationPreference\": \"open\"}, \"HibernationOptions\": {\"Configured\": false}, \"MetadataOptions\": {\"State\": \"applied\", \"HttpTokens\": \"optional\", \"HttpPutResponseHopLimit\": 1, \"HttpEndpoint\": \"enabled\", \"HttpProtocolIpv6\": \"disabled\", \"InstanceMetadataTags\": \"disabled\"}, \"EnclaveOptions\": {\"Enabled\": false}, \"BootMode\": \"uefi\", \"PlatformDetails\": \"Linux/UNIX\", \"UsageOperation\": \"RunInstances\", \"UsageOperationUpdateTime\": \"2022-06-01T13:17:33+00:00\", \"PrivateDnsNameOptions\": {\"HostnameType\": \"ip-name\", \"EnableResourceNameDnsARecord\": true, \"EnableResourceNameDnsAAAARecord\": false}, \"MaintenanceOptions\": {\"AutoRecovery\": \"default\"}}'),
(1134, 'i-0cbb8d2103731104b', 1, 1, 'dh-dc1', '2022-09-08 13:18:25', '{\"AmiLaunchIndex\": 0, \"ImageId\": \"ami-0d18d5b14843a949d\", \"InstanceId\": \"i-0cbb8d2103731104b\", \"InstanceType\": \"t2.micro\", \"KeyName\": \"dh-temp2\", \"LaunchTime\": \"2022-03-18T11:49:00+00:00\", \"Monitoring\": {\"State\": \"disabled\"}, \"Placement\": {\"AvailabilityZone\": \"eu-west-2a\", \"GroupName\": \"\", \"Tenancy\": \"default\"}, \"Platform\": \"windows\", \"PrivateDnsName\": \"ip-10-184-0-162.eu-west-2.compute.internal\", \"PrivateIpAddress\": \"10.184.0.162\", \"ProductCodes\": [], \"PublicDnsName\": \"\", \"State\": {\"Code\": 80, \"Name\": \"stopped\"}, \"StateTransitionReason\": \"User initiated (2022-03-18 12:59:01 GMT)\", \"SubnetId\": \"subnet-0385927a7d61e8706\", \"VpcId\": \"vpc-05da5d22d7bd6f8cf\", \"Architecture\": \"x86_64\", \"BlockDeviceMappings\": [{\"DeviceName\": \"/dev/sda1\", \"Ebs\": {\"AttachTime\": \"2022-01-19T12:26:32+00:00\", \"DeleteOnTermination\": true, \"Status\": \"attached\", \"VolumeId\": \"vol-0f1c53f6796a5fd3a\"}}], \"ClientToken\": \"\", \"EbsOptimized\": false, \"EnaSupport\": true, \"Hypervisor\": \"xen\", \"NetworkInterfaces\": [{\"Attachment\": {\"AttachTime\": \"2022-01-19T12:26:31+00:00\", \"AttachmentId\": \"eni-attach-047abd7db595c0a67\", \"DeleteOnTermination\": true, \"DeviceIndex\": 0, \"Status\": \"attached\", \"NetworkCardIndex\": 0}, \"Description\": \"Primary network interface\", \"Groups\": [{\"GroupName\": \"RDPfromBSOL\", \"GroupId\": \"sg-065241df44b110e25\"}], \"Ipv6Addresses\": [], \"MacAddress\": \"06:c5:a2:29:6f:6c\", \"NetworkInterfaceId\": \"eni-0778226d4a8bc5d7a\", \"OwnerId\": \"011072135518\", \"PrivateDnsName\": \"ip-10-184-0-162.eu-west-2.compute.internal\", \"PrivateIpAddress\": \"10.184.0.162\", \"PrivateIpAddresses\": [{\"Primary\": true, \"PrivateDnsName\": \"ip-10-184-0-162.eu-west-2.compute.internal\", \"PrivateIpAddress\": \"10.184.0.162\"}], \"SourceDestCheck\": true, \"Status\": \"in-use\", \"SubnetId\": \"subnet-0385927a7d61e8706\", \"VpcId\": \"vpc-05da5d22d7bd6f8cf\", \"InterfaceType\": \"interface\"}], \"RootDeviceName\": \"/dev/sda1\", \"RootDeviceType\": \"ebs\", \"SecurityGroups\": [{\"GroupName\": \"RDPfromBSOL\", \"GroupId\": \"sg-065241df44b110e25\"}], \"SourceDestCheck\": true, \"StateReason\": {\"Code\": \"Client.UserInitiatedShutdown\", \"Message\": \"Client.UserInitiatedShutdown: User initiated shutdown\"}, \"Tags\": [{\"Key\": \"Name\", \"Value\": \"dh-dc1\"}, {\"Key\": \"customer_code\", \"Value\": \"16BSOT01\"}, {\"Key\": \"project_code\", \"Value\": \"08-BSOT-931\"}, {\"Key\": \"resource_owner\", \"Value\": \"109bb604.brightsolid.com@emea.teams.ms\"}, {\"Key\": \"c7n:FindingId:ec2-unencrypted-instance\", \"Value\": \"eu-west-2/011072135518/616b7ad4a1f468c2b81dec7884083c81/c1067259d78221cd1e13470cd173681c:2022-01-19T12:27:08.337677+00:00\"}, {\"Key\": \"customer\", \"Value\": \"brightsolid\"}], \"VirtualizationType\": \"hvm\", \"CpuOptions\": {\"CoreCount\": 1, \"ThreadsPerCore\": 1}, \"CapacityReservationSpecification\": {\"CapacityReservationPreference\": \"open\"}, \"HibernationOptions\": {\"Configured\": false}, \"MetadataOptions\": {\"State\": \"applied\", \"HttpTokens\": \"optional\", \"HttpPutResponseHopLimit\": 1, \"HttpEndpoint\": \"enabled\", \"HttpProtocolIpv6\": \"disabled\", \"InstanceMetadataTags\": \"disabled\"}, \"EnclaveOptions\": {\"Enabled\": false}, \"PlatformDetails\": \"Windows\", \"UsageOperation\": \"RunInstances:0002\", \"UsageOperationUpdateTime\": \"2022-01-19T12:26:31+00:00\", \"PrivateDnsNameOptions\": {\"HostnameType\": \"ip-name\", \"EnableResourceNameDnsARecord\": true, \"EnableResourceNameDnsAAAARecord\": false}, \"MaintenanceOptions\": {\"AutoRecovery\": \"default\"}}'),
(1135, 'i-035d70a9b8a87b517', 1, 1, 'bp-inspec-test', '2022-09-08 13:18:25', '{\"AmiLaunchIndex\": 0, \"ImageId\": \"ami-068b89ca2ae80a479\", \"InstanceId\": \"i-035d70a9b8a87b517\", \"InstanceType\": \"t3.micro\", \"KeyName\": \"bp-dev-22\", \"LaunchTime\": \"2022-02-25T11:41:35+00:00\", \"Monitoring\": {\"State\": \"disabled\"}, \"Placement\": {\"AvailabilityZone\": \"eu-west-2a\", \"GroupName\": \"\", \"Tenancy\": \"default\"}, \"PrivateDnsName\": \"ip-10-184-0-14.eu-west-2.compute.internal\", \"PrivateIpAddress\": \"10.184.0.14\", \"ProductCodes\": [], \"PublicDnsName\": \"\", \"State\": {\"Code\": 80, \"Name\": \"stopped\"}, \"StateTransitionReason\": \"User initiated\", \"SubnetId\": \"subnet-0385927a7d61e8706\", \"VpcId\": \"vpc-05da5d22d7bd6f8cf\", \"Architecture\": \"x86_64\", \"BlockDeviceMappings\": [{\"DeviceName\": \"/dev/xvda\", \"Ebs\": {\"AttachTime\": \"2022-02-23T14:06:44+00:00\", \"DeleteOnTermination\": true, \"Status\": \"attached\", \"VolumeId\": \"vol-04e83966f6e9fd26f\"}}], \"ClientToken\": \"\", \"EbsOptimized\": true, \"EnaSupport\": true, \"Hypervisor\": \"xen\", \"NetworkInterfaces\": [{\"Attachment\": {\"AttachTime\": \"2022-02-23T14:06:43+00:00\", \"AttachmentId\": \"eni-attach-0a3664a749e8a39ef\", \"DeleteOnTermination\": true, \"DeviceIndex\": 0, \"Status\": \"attached\", \"NetworkCardIndex\": 0}, \"Description\": \"Primary network interface\", \"Groups\": [{\"GroupName\": \"barry-route-test\", \"GroupId\": \"sg-027845016a20c0336\"}], \"Ipv6Addresses\": [], \"MacAddress\": \"06:30:c6:29:62:9c\", \"NetworkInterfaceId\": \"eni-0a65b1737d98a74b8\", \"OwnerId\": \"011072135518\", \"PrivateDnsName\": \"ip-10-184-0-14.eu-west-2.compute.internal\", \"PrivateIpAddress\": \"10.184.0.14\", \"PrivateIpAddresses\": [{\"Primary\": true, \"PrivateDnsName\": \"ip-10-184-0-14.eu-west-2.compute.internal\", \"PrivateIpAddress\": \"10.184.0.14\"}], \"SourceDestCheck\": true, \"Status\": \"in-use\", \"SubnetId\": \"subnet-0385927a7d61e8706\", \"VpcId\": \"vpc-05da5d22d7bd6f8cf\", \"InterfaceType\": \"interface\"}], \"RootDeviceName\": \"/dev/xvda\", \"RootDeviceType\": \"ebs\", \"SecurityGroups\": [{\"GroupName\": \"barry-route-test\", \"GroupId\": \"sg-027845016a20c0336\"}], \"SourceDestCheck\": true, \"StateReason\": {\"Code\": \"Client.InstanceInitiatedShutdown\", \"Message\": \"Client.InstanceInitiatedShutdown: Instance initiated shutdown\"}, \"Tags\": [{\"Key\": \"customer\", \"Value\": \"brightsolid\"}, {\"Key\": \"project_code\", \"Value\": \"08-BSOT-931\"}, {\"Key\": \"customer_code\", \"Value\": \"16BSOT01\"}, {\"Key\": \"Name\", \"Value\": \"bp-inspec-test\"}, {\"Key\": \"resource_owner\", \"Value\": \"109bb604.brightsolid.com@emea.teams.ms\"}], \"VirtualizationType\": \"hvm\", \"CpuOptions\": {\"CoreCount\": 1, \"ThreadsPerCore\": 2}, \"CapacityReservationSpecification\": {\"CapacityReservationPreference\": \"open\"}, \"HibernationOptions\": {\"Configured\": false}, \"MetadataOptions\": {\"State\": \"applied\", \"HttpTokens\": \"optional\", \"HttpPutResponseHopLimit\": 1, \"HttpEndpoint\": \"enabled\", \"HttpProtocolIpv6\": \"disabled\", \"InstanceMetadataTags\": \"disabled\"}, \"EnclaveOptions\": {\"Enabled\": false}, \"PlatformDetails\": \"Linux/UNIX\", \"UsageOperation\": \"RunInstances\", \"UsageOperationUpdateTime\": \"2022-02-23T14:06:43+00:00\", \"PrivateDnsNameOptions\": {\"HostnameType\": \"ip-name\", \"EnableResourceNameDnsARecord\": true, \"EnableResourceNameDnsAAAARecord\": false}, \"MaintenanceOptions\": {\"AutoRecovery\": \"default\"}}'),
(1136, 'i-0f4a552c42763a347', 1, 1, 'Martyn Windows Test ', '2022-09-08 13:18:25', '{\"AmiLaunchIndex\": 0, \"ImageId\": \"ami-0708af7afa9230e4f\", \"InstanceId\": \"i-0f4a552c42763a347\", \"InstanceType\": \"t2.micro\", \"KeyName\": \"Martyn Windows Test\", \"LaunchTime\": \"2022-01-31T15:58:29+00:00\", \"Monitoring\": {\"State\": \"disabled\"}, \"Placement\": {\"AvailabilityZone\": \"eu-west-2b\", \"GroupName\": \"\", \"Tenancy\": \"default\"}, \"Platform\": \"windows\", \"PrivateDnsName\": \"ip-10-184-1-171.eu-west-2.compute.internal\", \"PrivateIpAddress\": \"10.184.1.171\", \"ProductCodes\": [], \"PublicDnsName\": \"\", \"State\": {\"Code\": 80, \"Name\": \"stopped\"}, \"StateTransitionReason\": \"User initiated (2022-02-01 18:28:57 GMT)\", \"SubnetId\": \"subnet-05b18ff772fd0d5ab\", \"VpcId\": \"vpc-05da5d22d7bd6f8cf\", \"Architecture\": \"x86_64\", \"BlockDeviceMappings\": [{\"DeviceName\": \"/dev/sda1\", \"Ebs\": {\"AttachTime\": \"2022-01-31T15:58:30+00:00\", \"DeleteOnTermination\": true, \"Status\": \"attached\", \"VolumeId\": \"vol-0467a9dc3638c8e61\"}}, {\"DeviceName\": \"xvdf\", \"Ebs\": {\"AttachTime\": \"2022-01-31T21:40:09+00:00\", \"DeleteOnTermination\": false, \"Status\": \"attached\", \"VolumeId\": \"vol-02b32d9eaed805c78\"}}], \"ClientToken\": \"\", \"EbsOptimized\": false, \"EnaSupport\": true, \"Hypervisor\": \"xen\", \"NetworkInterfaces\": [{\"Attachment\": {\"AttachTime\": \"2022-01-31T15:58:29+00:00\", \"AttachmentId\": \"eni-attach-01b8e087f121d2ea5\", \"DeleteOnTermination\": true, \"DeviceIndex\": 0, \"Status\": \"attached\", \"NetworkCardIndex\": 0}, \"Description\": \"Primary network interface\", \"Groups\": [{\"GroupName\": \"Martyn RDP\", \"GroupId\": \"sg-0529e50e2e3396542\"}, {\"GroupName\": \"RDPfromBSOL\", \"GroupId\": \"sg-065241df44b110e25\"}], \"Ipv6Addresses\": [], \"MacAddress\": \"0a:66:e2:54:a2:10\", \"NetworkInterfaceId\": \"eni-090ea3f15462a487c\", \"OwnerId\": \"011072135518\", \"PrivateDnsName\": \"ip-10-184-1-171.eu-west-2.compute.internal\", \"PrivateIpAddress\": \"10.184.1.171\", \"PrivateIpAddresses\": [{\"Primary\": true, \"PrivateDnsName\": \"ip-10-184-1-171.eu-west-2.compute.internal\", \"PrivateIpAddress\": \"10.184.1.171\"}], \"SourceDestCheck\": true, \"Status\": \"in-use\", \"SubnetId\": \"subnet-05b18ff772fd0d5ab\", \"VpcId\": \"vpc-05da5d22d7bd6f8cf\", \"InterfaceType\": \"interface\"}], \"RootDeviceName\": \"/dev/sda1\", \"RootDeviceType\": \"ebs\", \"SecurityGroups\": [{\"GroupName\": \"Martyn RDP\", \"GroupId\": \"sg-0529e50e2e3396542\"}, {\"GroupName\": \"RDPfromBSOL\", \"GroupId\": \"sg-065241df44b110e25\"}], \"SourceDestCheck\": true, \"StateReason\": {\"Code\": \"Client.UserInitiatedShutdown\", \"Message\": \"Client.UserInitiatedShutdown: User initiated shutdown\"}, \"Tags\": [{\"Key\": \"c7n:FindingId:ec2-unencrypted-instance\", \"Value\": \"eu-west-2/011072135518/616b7ad4a1f468c2b81dec7884083c81/545d7601e3ccc413afe7bb7c964403a0:2022-01-31T15:59:04.062313+00:00\"}, {\"Key\": \"Name\", \"Value\": \"Martyn Windows Test - Member Server\"}, {\"Key\": \"customer_code\", \"Value\": \"16BSOT01\"}, {\"Key\": \"resource_owner\", \"Value\": \"109bb604.brightsolid.com@emea.teams.ms\"}, {\"Key\": \"customer\", \"Value\": \"brightsolid\"}, {\"Key\": \"project_code\", \"Value\": \"08-BSOT-931\"}], \"VirtualizationType\": \"hvm\", \"CpuOptions\": {\"CoreCount\": 1, \"ThreadsPerCore\": 1}, \"CapacityReservationSpecification\": {\"CapacityReservationPreference\": \"open\"}, \"HibernationOptions\": {\"Configured\": false}, \"MetadataOptions\": {\"State\": \"applied\", \"HttpTokens\": \"optional\", \"HttpPutResponseHopLimit\": 1, \"HttpEndpoint\": \"enabled\", \"HttpProtocolIpv6\": \"disabled\", \"InstanceMetadataTags\": \"disabled\"}, \"EnclaveOptions\": {\"Enabled\": false}, \"PlatformDetails\": \"Windows\", \"UsageOperation\": \"RunInstances:0002\", \"UsageOperationUpdateTime\": \"2022-01-31T15:58:29+00:00\", \"PrivateDnsNameOptions\": {\"HostnameType\": \"ip-name\", \"EnableResourceNameDnsARecord\": true, \"EnableResourceNameDnsAAAARecord\": false}, \"MaintenanceOptions\": {\"AutoRecovery\": \"default\"}}'),
(1137, 'i-0d10914a605a86389', 1, 1, 'MLP', '2022-09-08 13:18:25', '{\"AmiLaunchIndex\": 0, \"ImageId\": \"ami-0c072cb938b9fb0f4\", \"InstanceId\": \"i-0d10914a605a86389\", \"InstanceType\": \"t2.micro\", \"KeyName\": \"Martyn Windows Test\", \"LaunchTime\": \"2022-01-31T21:18:18+00:00\", \"Monitoring\": {\"State\": \"disabled\"}, \"Placement\": {\"AvailabilityZone\": \"eu-west-2b\", \"GroupName\": \"\", \"Tenancy\": \"default\"}, \"Platform\": \"windows\", \"PrivateDnsName\": \"ip-10-184-1-95.eu-west-2.compute.internal\", \"PrivateIpAddress\": \"10.184.1.95\", \"ProductCodes\": [], \"PublicDnsName\": \"\", \"State\": {\"Code\": 80, \"Name\": \"stopped\"}, \"StateTransitionReason\": \"User initiated (2022-01-31 21:38:56 GMT)\", \"SubnetId\": \"subnet-05b18ff772fd0d5ab\", \"VpcId\": \"vpc-05da5d22d7bd6f8cf\", \"Architecture\": \"x86_64\", \"BlockDeviceMappings\": [], \"ClientToken\": \"\", \"EbsOptimized\": false, \"EnaSupport\": true, \"Hypervisor\": \"xen\", \"NetworkInterfaces\": [{\"Attachment\": {\"AttachTime\": \"2022-01-31T21:18:18+00:00\", \"AttachmentId\": \"eni-attach-0c231a1a1893c6c6e\", \"DeleteOnTermination\": true, \"DeviceIndex\": 0, \"Status\": \"attached\", \"NetworkCardIndex\": 0}, \"Description\": \"Primary network interface\", \"Groups\": [{\"GroupName\": \"Martyn RDP\", \"GroupId\": \"sg-0529e50e2e3396542\"}, {\"GroupName\": \"RDPfromBSOL\", \"GroupId\": \"sg-065241df44b110e25\"}], \"Ipv6Addresses\": [], \"MacAddress\": \"0a:a9:c1:5e:02:a6\", \"NetworkInterfaceId\": \"eni-08e0af5fbc8186287\", \"OwnerId\": \"011072135518\", \"PrivateDnsName\": \"ip-10-184-1-95.eu-west-2.compute.internal\", \"PrivateIpAddress\": \"10.184.1.95\", \"PrivateIpAddresses\": [{\"Primary\": true, \"PrivateDnsName\": \"ip-10-184-1-95.eu-west-2.compute.internal\", \"PrivateIpAddress\": \"10.184.1.95\"}], \"SourceDestCheck\": true, \"Status\": \"in-use\", \"SubnetId\": \"subnet-05b18ff772fd0d5ab\", \"VpcId\": \"vpc-05da5d22d7bd6f8cf\", \"InterfaceType\": \"interface\"}, {\"Attachment\": {\"AttachTime\": \"2022-01-31T21:36:41+00:00\", \"AttachmentId\": \"eni-attach-0b8f8abad117e0d40\", \"DeleteOnTermination\": false, \"DeviceIndex\": 1, \"Status\": \"attached\", \"NetworkCardIndex\": 0}, \"Description\": \"Martyn - Packer win2019 - \", \"Groups\": [{\"GroupName\": \"Martyn RDP\", \"GroupId\": \"sg-0529e50e2e3396542\"}], \"Ipv6Addresses\": [], \"MacAddress\": \"0a:13:97:20:01:a6\", \"NetworkInterfaceId\": \"eni-0ee400a87fae1d9cf\", \"OwnerId\": \"011072135518\", \"PrivateDnsName\": \"ip-10-184-1-57.eu-west-2.compute.internal\", \"PrivateIpAddress\": \"10.184.1.57\", \"PrivateIpAddresses\": [{\"Primary\": true, \"PrivateDnsName\": \"ip-10-184-1-57.eu-west-2.compute.internal\", \"PrivateIpAddress\": \"10.184.1.57\"}], \"SourceDestCheck\": true, \"Status\": \"in-use\", \"SubnetId\": \"subnet-05b18ff772fd0d5ab\", \"VpcId\": \"vpc-05da5d22d7bd6f8cf\", \"InterfaceType\": \"interface\"}], \"RootDeviceName\": \"/dev/sda1\", \"RootDeviceType\": \"ebs\", \"SecurityGroups\": [{\"GroupName\": \"Martyn RDP\", \"GroupId\": \"sg-0529e50e2e3396542\"}, {\"GroupName\": \"RDPfromBSOL\", \"GroupId\": \"sg-065241df44b110e25\"}], \"SourceDestCheck\": true, \"StateReason\": {\"Code\": \"Client.UserInitiatedShutdown\", \"Message\": \"Client.UserInitiatedShutdown: User initiated shutdown\"}, \"Tags\": [{\"Key\": \"customer\", \"Value\": \"brightsolid\"}, {\"Key\": \"customer_code\", \"Value\": \"16BSOT01\"}, {\"Key\": \"project_code\", \"Value\": \"08-BSOT-931\"}, {\"Key\": \"resource_owner\", \"Value\": \"109bb604.brightsolid.com@emea.teams.ms\"}, {\"Key\": \"Name\", \"Value\": \"MLP\"}], \"VirtualizationType\": \"hvm\", \"CpuOptions\": {\"CoreCount\": 1, \"ThreadsPerCore\": 1}, \"CapacityReservationSpecification\": {\"CapacityReservationPreference\": \"open\"}, \"HibernationOptions\": {\"Configured\": false}, \"MetadataOptions\": {\"State\": \"applied\", \"HttpTokens\": \"optional\", \"HttpPutResponseHopLimit\": 1, \"HttpEndpoint\": \"enabled\", \"HttpProtocolIpv6\": \"disabled\", \"InstanceMetadataTags\": \"disabled\"}, \"EnclaveOptions\": {\"Enabled\": false}, \"PlatformDetails\": \"Windows\", \"UsageOperation\": \"RunInstances:0002\", \"UsageOperationUpdateTime\": \"2022-01-31T21:18:18+00:00\", \"PrivateDnsNameOptions\": {\"HostnameType\": \"ip-name\", \"EnableResourceNameDnsARecord\": true, \"EnableResourceNameDnsAAAARecord\": false}, \"MaintenanceOptions\": {\"AutoRecovery\": \"default\"}}'),
(1138, 'imustdestdeletions', 1, 12, 'imustdestdeletions', '2022-09-08 14:27:22', '{\"Name\": \"imustdestdeletions\", \"CreationDate\": \"2020-11-12T08:06:24+00:00\", \"Location\": {\"LocationConstraint\": \"eu-west-2\"}, \"Tags\": [{\"Key\": \"resource_owner\", \"Value\": \"109bb604.brightsolid.com@emea.teams.ms\"}, {\"Key\": \"project_code\", \"Value\": \"08-BSOT-931\"}, {\"Key\": \"customer_code\", \"Value\": \"16BSOT01\"}, {\"Key\": \"customer\", \"Value\": \"brightsolid\"}], \"Policy\": null, \"Acl\": {\"Owner\": {\"ID\": \"b6acdbfd07d7f2c62c701d830d17ab463a41bc23916b56284059565ac8f7c1f2\"}, \"Grants\": [{\"Grantee\": {\"ID\": \"b6acdbfd07d7f2c62c701d830d17ab463a41bc23916b56284059565ac8f7c1f2\", \"Type\": \"CanonicalUser\"}, \"Permission\": \"FULL_CONTROL\"}]}, \"Replication\": null, \"Versioning\": {\"Status\": \"Enabled\"}, \"Website\": null, \"Logging\": {}, \"Notification\": {}, \"Lifecycle\": null, \"c7n:bucket-encryption\": {}}'),
(1139, 'bs-website-scaling-t', 1, 12, 'bs-website-scaling-t', '2022-09-08 14:27:22', '{\"Name\": \"bs-website-scaling-test-webroot\", \"CreationDate\": \"2020-05-28T08:15:05+00:00\", \"Location\": {\"LocationConstraint\": \"eu-west-2\"}, \"Tags\": [{\"Key\": \"customer_code\", \"Value\": \"16BSOT01\"}, {\"Key\": \"project_code\", \"Value\": \"08-BSOT-902\"}, {\"Key\": \"Name\", \"Value\": \"bs-website-scaling-test-webroot\"}], \"Policy\": null, \"Acl\": {\"Owner\": {\"ID\": \"b6acdbfd07d7f2c62c701d830d17ab463a41bc23916b56284059565ac8f7c1f2\"}, \"Grants\": [{\"Grantee\": {\"ID\": \"b6acdbfd07d7f2c62c701d830d17ab463a41bc23916b56284059565ac8f7c1f2\", \"Type\": \"CanonicalUser\"}, \"Permission\": \"FULL_CONTROL\"}]}, \"Replication\": {\"ReplicationConfiguration\": {\"Role\": \"arn:aws:iam::011072135518:role/bs-website-scaling-test-websitebackup\", \"Rules\": [{\"ID\": \"backup\", \"Prefix\": \"\", \"Status\": \"Enabled\", \"SourceSelectionCriteria\": {\"SseKmsEncryptedObjects\": {\"Status\": \"Enabled\"}}, \"Destination\": {\"Bucket\": \"arn:aws:s3:::website-devtest-webroot-backup\", \"EncryptionConfiguration\": {\"ReplicaKmsKeyID\": \"arn:aws:kms:eu-west-2:011072135518:key/cc84295d-ec88-4c00-8e7b-deb980d86e71\"}}}]}}, \"Versioning\": {\"Status\": \"Enabled\", \"MFADelete\": \"Disabled\"}, \"Website\": null, \"Logging\": {}, \"Notification\": {}, \"Lifecycle\": null, \"c7n:PublicAccessBlock\": {\"BlockPublicPolicy\": false, \"BlockPublicAcls\": false, \"IgnorePublicAcls\": false, \"RestrictPublicBuckets\": false}}'),
(1140, 'bs-website-test-blue', 1, 12, 'bs-website-test-blue', '2022-09-08 14:27:22', '{\"Name\": \"bs-website-test-blue-webroot\", \"CreationDate\": \"2020-05-28T07:55:54+00:00\", \"Location\": {\"LocationConstraint\": \"eu-west-2\"}, \"Tags\": [{\"Key\": \"customer_code\", \"Value\": \"16BSOT01\"}, {\"Key\": \"project_code\", \"Value\": \"08-BSOT-902\"}, {\"Key\": \"Name\", \"Value\": \"bs-website-test-blue-webroot\"}], \"Policy\": \"{\\\"Version\\\":\\\"2012-10-17\\\",\\\"Id\\\":\\\"http referer policy example\\\",\\\"Statement\\\":[{\\\"Sid\\\":\\\"Allow Root All Access\\\",\\\"Effect\\\":\\\"Allow\\\",\\\"Principal\\\":{\\\"AWS\\\":\\\"arn:aws:iam::011072135518:root\\\"},\\\"Action\\\":\\\"s3:*\\\",\\\"Resource\\\":[\\\"arn:aws:s3:::bs-website-test-blue-webroot/*\\\",\\\"arn:aws:s3:::bs-website-test-blue-webroot\\\"]}]}\", \"Acl\": {\"Owner\": {\"ID\": \"b6acdbfd07d7f2c62c701d830d17ab463a41bc23916b56284059565ac8f7c1f2\"}, \"Grants\": [{\"Grantee\": {\"ID\": \"b6acdbfd07d7f2c62c701d830d17ab463a41bc23916b56284059565ac8f7c1f2\", \"Type\": \"CanonicalUser\"}, \"Permission\": \"FULL_CONTROL\"}]}, \"Replication\": null, \"Versioning\": {\"Status\": \"Enabled\", \"MFADelete\": \"Disabled\"}, \"Website\": null, \"Logging\": {}, \"Notification\": {}, \"Lifecycle\": {\"Rules\": [{\"Expiration\": {\"Days\": 1}, \"ID\": \"delete\", \"Filter\": {\"Prefix\": \"\"}, \"Status\": \"Enabled\", \"NoncurrentVersionExpiration\": {\"NoncurrentDays\": 1}, \"AbortIncompleteMultipartUpload\": {\"DaysAfterInitiation\": 1}}, {\"Expiration\": {\"ExpiredObjectDeleteMarker\": true}, \"ID\": \"delete2\", \"Filter\": {\"Prefix\": \"\"}, \"Status\": \"Enabled\"}]}, \"c7n:PublicAccessBlock\": {\"BlockPublicPolicy\": false, \"BlockPublicAcls\": false, \"IgnorePublicAcls\": false, \"RestrictPublicBuckets\": false}}'),
(1141, 'custodian-console-de', 1, 12, 'CloudCustodian', '2022-09-08 14:27:22', '{\"Name\": \"custodian-console-dev-serverlessdeploymentbucket-t1pcg5tyd3i\", \"CreationDate\": \"2022-09-07T09:11:21+00:00\", \"Location\": {\"LocationConstraint\": \"eu-west-2\"}, \"Tags\": [{\"Key\": \"aws:cloudformation:stack-name\", \"Value\": \"custodian-console-dev\"}, {\"Key\": \"resource_owner\", \"Value\": \"109bb604.brightsolid.com@emea.teams.ms\"}, {\"Key\": \"aws:cloudformation:stack-id\", \"Value\": \"arn:aws:cloudformation:eu-west-2:011072135518:stack/custodian-console-dev/89aa8a50-2e06-11ed-92d9-0ae730ff7fac\"}, {\"Key\": \"STAGE\", \"Value\": \"dev\"}, {\"Key\": \"aws:cloudformation:logical-id\", \"Value\": \"ServerlessDeploymentBucket\"}, {\"Key\": \"project_code\", \"Value\": \"08-BSOT-931\"}, {\"Key\": \"customer_code\", \"Value\": \"16BSOT01\"}, {\"Key\": \"Name\", \"Value\": \"CloudCustodian\"}, {\"Key\": \"customer\", \"Value\": \"brightsolid\"}], \"Policy\": \"{\\\"Version\\\":\\\"2008-10-17\\\",\\\"Statement\\\":[{\\\"Effect\\\":\\\"Deny\\\",\\\"Principal\\\":\\\"*\\\",\\\"Action\\\":\\\"s3:*\\\",\\\"Resource\\\":[\\\"arn:aws:s3:::custodian-console-dev-serverlessdeploymentbucket-t1pcg5tyd3i/*\\\",\\\"arn:aws:s3:::custodian-console-dev-serverlessdeploymentbucket-t1pcg5tyd3i\\\"],\\\"Condition\\\":{\\\"Bool\\\":{\\\"aws:SecureTransport\\\":\\\"false\\\"}}}]}\", \"Acl\": {\"Owner\": {\"ID\": \"b6acdbfd07d7f2c62c701d830d17ab463a41bc23916b56284059565ac8f7c1f2\"}, \"Grants\": [{\"Grantee\": {\"ID\": \"b6acdbfd07d7f2c62c701d830d17ab463a41bc23916b56284059565ac8f7c1f2\", \"Type\": \"CanonicalUser\"}, \"Permission\": \"FULL_CONTROL\"}]}, \"Replication\": null, \"Versioning\": {}, \"Website\": null, \"Logging\": {}, \"Notification\": {}, \"Lifecycle\": null, \"c7n:PublicAccessBlock\": {\"BlockPublicPolicy\": false, \"BlockPublicAcls\": false, \"IgnorePublicAcls\": false, \"RestrictPublicBuckets\": false}}'),
(1142, 'website-devtest-webr', 1, 12, 'website-webroot-back', '2022-09-08 14:27:22', '{\"Name\": \"website-devtest-webroot-backup\", \"CreationDate\": \"2020-05-06T11:52:05+00:00\", \"Location\": {\"LocationConstraint\": \"eu-west-2\"}, \"Tags\": [{\"Key\": \"customer_code\", \"Value\": \"16BSOT01\"}, {\"Key\": \"project_code\", \"Value\": \"08-BSOT-902\"}, {\"Key\": \"Name\", \"Value\": \"website-webroot-backup\"}], \"Policy\": \"{\\\"Version\\\":\\\"2012-10-17\\\",\\\"Statement\\\":[{\\\"Sid\\\":\\\"Allow bucket operations for admin\\\",\\\"Effect\\\":\\\"Allow\\\",\\\"Principal\\\":{\\\"AWS\\\":\\\"*\\\"},\\\"Action\\\":\\\"s3:GetObject\\\",\\\"Resource\\\":\\\"arn:aws:s3:::website-devtest-webroot-backup/*\\\",\\\"Condition\\\":{\\\"ForAnyValue:StringLike\\\":{\\\"aws:PrincipalARN\\\":\\\"arn:aws:iam::011072135518:role/*-ADMIN\\\"}}},{\\\"Sid\\\":\\\"Allow bucket listing for admin\\\",\\\"Effect\\\":\\\"Allow\\\",\\\"Principal\\\":{\\\"AWS\\\":\\\"*\\\"},\\\"Action\\\":\\\"s3:ListBucket\\\",\\\"Resource\\\":\\\"arn:aws:s3:::website-devtest-webroot-backup\\\",\\\"Condition\\\":{\\\"ForAnyValue:StringLike\\\":{\\\"aws:PrincipalARN\\\":\\\"arn:aws:iam::011072135518:role/*-ADMIN\\\"}}},{\\\"Sid\\\":\\\"Allow bucket listing for backup\\\",\\\"Effect\\\":\\\"Allow\\\",\\\"Principal\\\":{\\\"AWS\\\":\\\"*\\\"},\\\"Action\\\":[\\\"s3:ListBucket\\\",\\\"s3:GetReplicationConfiguration\\\"],\\\"Resource\\\":\\\"arn:aws:s3:::website-devtest-webroot-backup\\\",\\\"Condition\\\":{\\\"ForAnyValue:StringLike\\\":{\\\"aws:PrincipalARN\\\":\\\"arn:aws:iam::011072135518:role/*-websitebackup\\\"}}},{\\\"Sid\\\":\\\"Allow backup operations\\\",\\\"Effect\\\":\\\"Allow\\\",\\\"Principal\\\":{\\\"AWS\\\":\\\"*\\\"},\\\"Action\\\":[\\\"s3:ReplicateTags\\\",\\\"s3:ReplicateObject\\\",\\\"s3:ReplicateDelete\\\"],\\\"Resource\\\":\\\"arn:aws:s3:::website-devtest-webroot-backup/*\\\",\\\"Condition\\\":{\\\"ForAnyValue:StringLike\\\":{\\\"aws:PrincipalARN\\\":\\\"arn:aws:iam::011072135518:role/*-websitebackup\\\"}}}]}\", \"Acl\": {\"Owner\": {\"ID\": \"b6acdbfd07d7f2c62c701d830d17ab463a41bc23916b56284059565ac8f7c1f2\"}, \"Grants\": [{\"Grantee\": {\"ID\": \"b6acdbfd07d7f2c62c701d830d17ab463a41bc23916b56284059565ac8f7c1f2\", \"Type\": \"CanonicalUser\"}, \"Permission\": \"FULL_CONTROL\"}]}, \"Replication\": null, \"Versioning\": {\"Status\": \"Enabled\", \"MFADelete\": \"Disabled\"}, \"Website\": null, \"Logging\": {}, \"Notification\": {}, \"Lifecycle\": null, \"c7n:PublicAccessBlock\": {\"BlockPublicPolicy\": false, \"BlockPublicAcls\": false, \"IgnorePublicAcls\": false, \"RestrictPublicBuckets\": false}}');
INSERT INTO `resource` (`resource_id`, `resource_ref`, `account_id`, `resource_type_id`, `resource_name`, `last_updated`, `resource_metadata`) VALUES
(1143, 'website-devtest-asse', 1, 12, 'website-assets-backu', '2022-09-08 14:27:22', '{\"Name\": \"website-devtest-assets-backup\", \"CreationDate\": \"2020-05-06T11:52:05+00:00\", \"Location\": {\"LocationConstraint\": \"eu-west-2\"}, \"Tags\": [{\"Key\": \"customer_code\", \"Value\": \"16BSOT01\"}, {\"Key\": \"project_code\", \"Value\": \"08-BSOT-902\"}, {\"Key\": \"Name\", \"Value\": \"website-assets-backup\"}], \"Policy\": \"{\\\"Version\\\":\\\"2012-10-17\\\",\\\"Statement\\\":[{\\\"Sid\\\":\\\"Allow bucket operations for admin\\\",\\\"Effect\\\":\\\"Allow\\\",\\\"Principal\\\":{\\\"AWS\\\":\\\"*\\\"},\\\"Action\\\":\\\"s3:GetObject\\\",\\\"Resource\\\":\\\"arn:aws:s3:::website-devtest-assets-backup/*\\\",\\\"Condition\\\":{\\\"ForAnyValue:StringLike\\\":{\\\"aws:PrincipalARN\\\":\\\"arn:aws:iam::011072135518:role/*-ADMIN\\\"}}},{\\\"Sid\\\":\\\"Allow bucket listing for admin\\\",\\\"Effect\\\":\\\"Allow\\\",\\\"Principal\\\":{\\\"AWS\\\":\\\"*\\\"},\\\"Action\\\":\\\"s3:ListBucket\\\",\\\"Resource\\\":\\\"arn:aws:s3:::website-devtest-assets-backup\\\",\\\"Condition\\\":{\\\"ForAnyValue:StringLike\\\":{\\\"aws:PrincipalARN\\\":\\\"arn:aws:iam::011072135518:role/*-ADMIN\\\"}}},{\\\"Sid\\\":\\\"Allow bucket listing for backup\\\",\\\"Effect\\\":\\\"Allow\\\",\\\"Principal\\\":{\\\"AWS\\\":\\\"*\\\"},\\\"Action\\\":[\\\"s3:ListBucket\\\",\\\"s3:GetReplicationConfiguration\\\"],\\\"Resource\\\":\\\"arn:aws:s3:::website-devtest-assets-backup\\\",\\\"Condition\\\":{\\\"ForAnyValue:StringLike\\\":{\\\"aws:PrincipalARN\\\":\\\"arn:aws:iam::011072135518:role/*-websitebackup\\\"}}},{\\\"Sid\\\":\\\"Allow backup operations\\\",\\\"Effect\\\":\\\"Allow\\\",\\\"Principal\\\":{\\\"AWS\\\":\\\"*\\\"},\\\"Action\\\":[\\\"s3:ReplicateTags\\\",\\\"s3:ReplicateObject\\\",\\\"s3:ReplicateDelete\\\"],\\\"Resource\\\":\\\"arn:aws:s3:::website-devtest-assets-backup/*\\\",\\\"Condition\\\":{\\\"ForAnyValue:StringLike\\\":{\\\"aws:PrincipalARN\\\":\\\"arn:aws:iam::011072135518:role/*-websitebackup\\\"}}}]}\", \"Acl\": {\"Owner\": {\"ID\": \"b6acdbfd07d7f2c62c701d830d17ab463a41bc23916b56284059565ac8f7c1f2\"}, \"Grants\": [{\"Grantee\": {\"ID\": \"b6acdbfd07d7f2c62c701d830d17ab463a41bc23916b56284059565ac8f7c1f2\", \"Type\": \"CanonicalUser\"}, \"Permission\": \"FULL_CONTROL\"}]}, \"Replication\": null, \"Versioning\": {\"Status\": \"Enabled\", \"MFADelete\": \"Disabled\"}, \"Website\": null, \"Logging\": {}, \"Notification\": {}, \"Lifecycle\": null, \"c7n:PublicAccessBlock\": {\"BlockPublicPolicy\": false, \"BlockPublicAcls\": false, \"IgnorePublicAcls\": false, \"RestrictPublicBuckets\": false}}'),
(1144, 'i-006d83e00aabe31d2', 1, 1, 'DMZ Instance', '2022-09-08 13:18:25', '{\"AmiLaunchIndex\": 0, \"ImageId\": \"ami-0cb790308f7591fa6\", \"InstanceId\": \"i-006d83e00aabe31d2\", \"InstanceType\": \"t3.micro\", \"KeyName\": \"DmzKey\", \"LaunchTime\": \"2020-09-28T10:24:52+00:00\", \"Monitoring\": {\"State\": \"disabled\"}, \"Placement\": {\"AvailabilityZone\": \"eu-west-2b\", \"GroupName\": \"\", \"Tenancy\": \"default\"}, \"PrivateDnsName\": \"ip-10-184-5-75.eu-west-2.compute.internal\", \"PrivateIpAddress\": \"10.184.5.75\", \"ProductCodes\": [], \"PublicDnsName\": \"ec2-35-176-34-27.eu-west-2.compute.amazonaws.com\", \"PublicIpAddress\": \"35.176.34.27\", \"State\": {\"Code\": 16, \"Name\": \"running\"}, \"StateTransitionReason\": \"\", \"SubnetId\": \"subnet-02c4118ba19503058\", \"VpcId\": \"vpc-05da5d22d7bd6f8cf\", \"Architecture\": \"x86_64\", \"BlockDeviceMappings\": [{\"DeviceName\": \"/dev/xvda\", \"Ebs\": {\"AttachTime\": \"2020-09-28T10:24:53+00:00\", \"DeleteOnTermination\": true, \"Status\": \"attached\", \"VolumeId\": \"vol-0336e11258dca1478\"}}], \"ClientToken\": \"0D0EAF27-E4FB-4775-BCA8-85E8DAC585EA\", \"EbsOptimized\": false, \"EnaSupport\": true, \"Hypervisor\": \"xen\", \"IamInstanceProfile\": {\"Arn\": \"arn:aws:iam::011072135518:instance-profile/dmz-role\", \"Id\": \"AIPAQFE7TMFPL5CLSPT3N\"}, \"NetworkInterfaces\": [{\"Association\": {\"IpOwnerId\": \"011072135518\", \"PublicDnsName\": \"ec2-35-176-34-27.eu-west-2.compute.amazonaws.com\", \"PublicIp\": \"35.176.34.27\"}, \"Attachment\": {\"AttachTime\": \"2020-09-28T10:24:52+00:00\", \"AttachmentId\": \"eni-attach-0036d831d689804cc\", \"DeleteOnTermination\": false, \"DeviceIndex\": 0, \"Status\": \"attached\", \"NetworkCardIndex\": 0}, \"Description\": \"\", \"Groups\": [{\"GroupName\": \"brightsolid Dev/Test-vpc01-dmz-sg\", \"GroupId\": \"sg-0080fcb93c1326095\"}], \"Ipv6Addresses\": [], \"MacAddress\": \"0a:ca:65:94:d4:28\", \"NetworkInterfaceId\": \"eni-0267ceaa5c6f83954\", \"OwnerId\": \"011072135518\", \"PrivateDnsName\": \"ip-10-184-5-75.eu-west-2.compute.internal\", \"PrivateIpAddress\": \"10.184.5.75\", \"PrivateIpAddresses\": [{\"Association\": {\"IpOwnerId\": \"011072135518\", \"PublicDnsName\": \"ec2-35-176-34-27.eu-west-2.compute.amazonaws.com\", \"PublicIp\": \"35.176.34.27\"}, \"Primary\": true, \"PrivateDnsName\": \"ip-10-184-5-75.eu-west-2.compute.internal\", \"PrivateIpAddress\": \"10.184.5.75\"}], \"SourceDestCheck\": false, \"Status\": \"in-use\", \"SubnetId\": \"subnet-02c4118ba19503058\", \"VpcId\": \"vpc-05da5d22d7bd6f8cf\", \"InterfaceType\": \"interface\"}], \"RootDeviceName\": \"/dev/xvda\", \"RootDeviceType\": \"ebs\", \"SecurityGroups\": [{\"GroupName\": \"brightsolid Dev/Test-vpc01-dmz-sg\", \"GroupId\": \"sg-0080fcb93c1326095\"}], \"SourceDestCheck\": false, \"Tags\": [{\"Key\": \"customer\", \"Value\": \"brightsolid\"}, {\"Key\": \"customer_code\", \"Value\": \"16BSOT01\"}, {\"Key\": \"foundation_managed\", \"Value\": \"true\"}, {\"Key\": \"Name\", \"Value\": \"DMZ Instance\"}, {\"Key\": \"project_code\", \"Value\": \"08-BSOT-931\"}, {\"Key\": \"resource_owner\", \"Value\": \"109bb604.brightsolid.com@emea.teams.ms\"}], \"VirtualizationType\": \"hvm\", \"CpuOptions\": {\"CoreCount\": 1, \"ThreadsPerCore\": 2}, \"CapacityReservationSpecification\": {\"CapacityReservationPreference\": \"open\"}, \"HibernationOptions\": {\"Configured\": false}, \"MetadataOptions\": {\"State\": \"applied\", \"HttpTokens\": \"optional\", \"HttpPutResponseHopLimit\": 1, \"HttpEndpoint\": \"enabled\", \"HttpProtocolIpv6\": \"disabled\", \"InstanceMetadataTags\": \"disabled\"}, \"EnclaveOptions\": {\"Enabled\": false}, \"PlatformDetails\": \"Linux/UNIX\", \"UsageOperation\": \"RunInstances\", \"UsageOperationUpdateTime\": \"2020-09-28T10:24:52+00:00\", \"PrivateDnsNameOptions\": {}, \"MaintenanceOptions\": {\"AutoRecovery\": \"default\"}, \"c7n:matched-subnets\": [\"subnet-02c4118ba19503058\"]}'),
(1145, 'bsol-dev-subnet-flow', 1, 12, 'bsol-dev-subnet-flow', '2022-09-08 14:27:22', '{\"Name\": \"bsol-dev-subnet-flowlogs\", \"CreationDate\": \"2020-08-18T14:18:22+00:00\", \"Location\": {\"LocationConstraint\": \"eu-west-2\"}, \"Tags\": [{\"Key\": \"c7n:FindingId:detect-unauthorised-public-s3-bucket\", \"Value\": \"eu-west-2/011072135518/e443bc6dc32032423b07507d99df9e41/728578e22e8103bd7b859f970a573136:2020-08-18T14:16:02.029195+00:00\"}, {\"Key\": \"c7n:FindingId:s3-bucket-without-customer-code\", \"Value\": \"eu-west-2/011072135518/3fc05e13958c836ba34b65afb6b46c7b/728578e22e8103bd7b859f970a573136:2020-08-18T14:16:02.420319+00:00\"}], \"Policy\": \"{\\\"Version\\\":\\\"2012-10-17\\\",\\\"Id\\\":\\\"AWSLogDeliveryWrite20150319\\\",\\\"Statement\\\":[{\\\"Sid\\\":\\\"AWSLogDeliveryWrite\\\",\\\"Effect\\\":\\\"Allow\\\",\\\"Principal\\\":{\\\"Service\\\":\\\"delivery.logs.amazonaws.com\\\"},\\\"Action\\\":\\\"s3:PutObject\\\",\\\"Resource\\\":\\\"arn:aws:s3:::bsol-dev-subnet-flowlogs/AWSLogs/011072135518/*\\\",\\\"Condition\\\":{\\\"StringEquals\\\":{\\\"s3:x-amz-acl\\\":\\\"bucket-owner-full-control\\\"}}},{\\\"Sid\\\":\\\"AWSLogDeliveryAclCheck\\\",\\\"Effect\\\":\\\"Allow\\\",\\\"Principal\\\":{\\\"Service\\\":\\\"delivery.logs.amazonaws.com\\\"},\\\"Action\\\":\\\"s3:GetBucketAcl\\\",\\\"Resource\\\":\\\"arn:aws:s3:::bsol-dev-subnet-flowlogs\\\"}]}\", \"Acl\": {\"Owner\": {\"ID\": \"b6acdbfd07d7f2c62c701d830d17ab463a41bc23916b56284059565ac8f7c1f2\"}, \"Grants\": [{\"Grantee\": {\"ID\": \"b6acdbfd07d7f2c62c701d830d17ab463a41bc23916b56284059565ac8f7c1f2\", \"Type\": \"CanonicalUser\"}, \"Permission\": \"FULL_CONTROL\"}, {\"Grantee\": {\"Type\": \"Group\", \"URI\": \"http://acs.amazonaws.com/groups/s3/LogDelivery\"}, \"Permission\": \"READ\"}, {\"Grantee\": {\"Type\": \"Group\", \"URI\": \"http://acs.amazonaws.com/groups/s3/LogDelivery\"}, \"Permission\": \"WRITE\"}, {\"Grantee\": {\"Type\": \"Group\", \"URI\": \"http://acs.amazonaws.com/groups/s3/LogDelivery\"}, \"Permission\": \"READ_ACP\"}]}, \"Replication\": null, \"Versioning\": {}, \"Website\": null, \"Logging\": {}, \"Notification\": {}, \"Lifecycle\": null, \"c7n:bucket-encryption\": {}}'),
(1146, 'vol-0336e11258dca147', 1, 2, 'vol-0336e11258dca147', '2022-09-08 13:31:22', '{\"Attachments\": [{\"AttachTime\": \"2020-09-28T10:24:53+00:00\", \"Device\": \"/dev/xvda\", \"InstanceId\": \"i-006d83e00aabe31d2\", \"State\": \"attached\", \"VolumeId\": \"vol-0336e11258dca1478\", \"DeleteOnTermination\": true}], \"AvailabilityZone\": \"eu-west-2b\", \"CreateTime\": \"2020-09-28T10:24:53.249000+00:00\", \"Encrypted\": true, \"KmsKeyId\": \"arn:aws:kms:eu-west-2:011072135518:key/4d2dd64b-585c-4d78-8a5f-ae6244bd08ba\", \"Size\": 8, \"SnapshotId\": \"snap-0ac626f9cef85a65b\", \"State\": \"in-use\", \"VolumeId\": \"vol-0336e11258dca1478\", \"Iops\": 100, \"Tags\": [{\"Key\": \"LastAttachTime\", \"Value\": \"2020-09-28T10:24:53+00:00\"}, {\"Key\": \"customer\", \"Value\": \"brightsolid\"}, {\"Key\": \"project_code\", \"Value\": \"08-BSOT-931\"}, {\"Key\": \"customer_code\", \"Value\": \"16BSOT01\"}, {\"Key\": \"resource_owner\", \"Value\": \"109bb604.brightsolid.com@emea.teams.ms\"}, {\"Key\": \"LastAttachInstance\", \"Value\": \"i-006d83e00aabe31d2\"}], \"VolumeType\": \"gp2\", \"MultiAttachEnabled\": false}'),
(1147, 'vol-08cf5074b4b90737', 1, 2, 'vault', '2022-09-08 13:31:22', '{\"Attachments\": [{\"AttachTime\": \"2021-03-31T18:46:41+00:00\", \"Device\": \"/dev/xvda\", \"InstanceId\": \"i-08a220f9238167574\", \"State\": \"attached\", \"VolumeId\": \"vol-08cf5074b4b907376\", \"DeleteOnTermination\": true}], \"AvailabilityZone\": \"eu-west-2b\", \"CreateTime\": \"2021-03-31T18:46:41.398000+00:00\", \"Encrypted\": true, \"KmsKeyId\": \"arn:aws:kms:eu-west-2:011072135518:key/ffb805b5-688d-4340-807b-5c28d7b79c58\", \"Size\": 16, \"SnapshotId\": \"snap-0dacddb1bb8c33a86\", \"State\": \"in-use\", \"VolumeId\": \"vol-08cf5074b4b907376\", \"Iops\": 100, \"Tags\": [{\"Key\": \"Name\", \"Value\": \"vault\"}, {\"Key\": \"customer\", \"Value\": \"brightsolid\"}, {\"Key\": \"project_code\", \"Value\": \"08-BSOT-931\"}, {\"Key\": \"customer_code\", \"Value\": \"16BSOT01\"}, {\"Key\": \"resource_owner\", \"Value\": \"operations@brightsolid.com\"}], \"VolumeType\": \"gp2\", \"MultiAttachEnabled\": false}'),
(1148, 'vol-02b32d9eaed805c7', 1, 2, 'MLP', '2022-09-08 13:31:22', '{\"Attachments\": [{\"AttachTime\": \"2022-01-31T21:40:09+00:00\", \"Device\": \"xvdf\", \"InstanceId\": \"i-0f4a552c42763a347\", \"State\": \"attached\", \"VolumeId\": \"vol-02b32d9eaed805c78\", \"DeleteOnTermination\": false}], \"AvailabilityZone\": \"eu-west-2b\", \"CreateTime\": \"2022-01-31T21:18:18.873000+00:00\", \"Encrypted\": true, \"KmsKeyId\": \"arn:aws:kms:eu-west-2:315191910924:key/2fe7c33b-b2ce-4a86-82d3-317c858df00e\", \"Size\": 30, \"SnapshotId\": \"snap-063701456eb0c275c\", \"State\": \"in-use\", \"VolumeId\": \"vol-02b32d9eaed805c78\", \"Iops\": 100, \"Tags\": [{\"Key\": \"LastAttachTime\", \"Value\": \"2022-01-31T21:18:18+00:00\"}, {\"Key\": \"resource_owner\", \"Value\": \"109bb604.brightsolid.com@emea.teams.ms\"}, {\"Key\": \"Name\", \"Value\": \"MLP\"}, {\"Key\": \"LastAttachInstance\", \"Value\": \"i-0d10914a605a86389\"}, {\"Key\": \"customer\", \"Value\": \"brightsolid\"}, {\"Key\": \"project_code\", \"Value\": \"08-BSOT-931\"}, {\"Key\": \"customer_code\", \"Value\": \"16BSOT01\"}], \"VolumeType\": \"gp2\", \"MultiAttachEnabled\": false}'),
(1149, 'vol-0cc8f799f2066ee6', 1, 2, 'vol-0cc8f799f2066ee6', '2022-09-08 13:31:22', '{\"Attachments\": [{\"AttachTime\": \"2022-06-01T13:17:34+00:00\", \"Device\": \"/dev/xvda\", \"InstanceId\": \"i-0910faa3ec99dc39a\", \"State\": \"attached\", \"VolumeId\": \"vol-0cc8f799f2066ee69\", \"DeleteOnTermination\": true}], \"AvailabilityZone\": \"eu-west-2b\", \"CreateTime\": \"2022-06-01T13:17:34.182000+00:00\", \"Encrypted\": true, \"KmsKeyId\": \"arn:aws:kms:eu-west-2:011072135518:key/74b53894-567e-4643-9041-8ac323525cdc\", \"Size\": 15, \"SnapshotId\": \"snap-0f913258f7d6e14a0\", \"State\": \"in-use\", \"VolumeId\": \"vol-0cc8f799f2066ee69\", \"Iops\": 100, \"Tags\": [{\"Key\": \"customer_code\", \"Value\": \"16BSOT01\"}, {\"Key\": \"customer\", \"Value\": \"brightsolid\"}, {\"Key\": \"project_code\", \"Value\": \"08-BSOT-931\"}, {\"Key\": \"resource_owner\", \"Value\": \"109bb604.brightsolid.com@emea.teams.ms\"}, {\"Key\": \"LastAttachInstance\", \"Value\": \"i-0910faa3ec99dc39a\"}, {\"Key\": \"LastAttachTime\", \"Value\": \"2022-06-01T13:17:34+00:00\"}], \"VolumeType\": \"gp2\", \"MultiAttachEnabled\": false}'),
(1150, 'vol-04e83966f6e9fd26', 1, 2, 'bp-inspec-test', '2022-09-08 13:31:22', '{\"Attachments\": [{\"AttachTime\": \"2022-02-23T14:06:44+00:00\", \"Device\": \"/dev/xvda\", \"InstanceId\": \"i-035d70a9b8a87b517\", \"State\": \"attached\", \"VolumeId\": \"vol-04e83966f6e9fd26f\", \"DeleteOnTermination\": true}], \"AvailabilityZone\": \"eu-west-2a\", \"CreateTime\": \"2022-02-23T14:06:44.283000+00:00\", \"Encrypted\": true, \"KmsKeyId\": \"arn:aws:kms:eu-west-2:315191910924:key/2fe7c33b-b2ce-4a86-82d3-317c858df00e\", \"Size\": 8, \"SnapshotId\": \"snap-0035cd58a621a8be8\", \"State\": \"in-use\", \"VolumeId\": \"vol-04e83966f6e9fd26f\", \"Iops\": 100, \"Tags\": [{\"Key\": \"LastAttachInstance\", \"Value\": \"i-035d70a9b8a87b517\"}, {\"Key\": \"customer_code\", \"Value\": \"16BSOT01\"}, {\"Key\": \"resource_owner\", \"Value\": \"109bb604.brightsolid.com@emea.teams.ms\"}, {\"Key\": \"Name\", \"Value\": \"bp-inspec-test\"}, {\"Key\": \"LastAttachTime\", \"Value\": \"2022-02-23T14:06:44+00:00\"}, {\"Key\": \"project_code\", \"Value\": \"08-BSOT-931\"}, {\"Key\": \"customer\", \"Value\": \"brightsolid\"}], \"VolumeType\": \"gp2\", \"MultiAttachEnabled\": false}'),
(1151, 'vol-0e181efd2ccb6594', 1, 2, 'vol-0e181efd2ccb6594', '2022-09-08 13:31:22', '{\"Attachments\": [{\"AttachTime\": \"2020-02-10T21:21:24+00:00\", \"Device\": \"/dev/xvda\", \"InstanceId\": \"i-060476bb31df657e7\", \"State\": \"attached\", \"VolumeId\": \"vol-0e181efd2ccb65947\", \"DeleteOnTermination\": true}], \"AvailabilityZone\": \"eu-west-2a\", \"CreateTime\": \"2020-02-10T21:21:24.717000+00:00\", \"Encrypted\": false, \"Size\": 8, \"SnapshotId\": \"snap-05658903ab5150e93\", \"State\": \"in-use\", \"VolumeId\": \"vol-0e181efd2ccb65947\", \"Iops\": 100, \"Tags\": [{\"Key\": \"LastAttachInstance\", \"Value\": \"i-060476bb31df657e7\"}, {\"Key\": \"customer_code\", \"Value\": \"16BSOT01\"}, {\"Key\": \"c7n:FindingId:ebs-volume-with-invalid-customer\", \"Value\": \"eu-west-2/011072135518/9061b5645c9089df7bb63a3b7e8c4e04/b9e027db349cc2b041a3243a37d5296a:2020-09-10T15:25:14.787098+00:00\"}, {\"Key\": \"LastAttachTime\", \"Value\": \"2020-02-10T21:21:24+00:00\"}, {\"Key\": \"resource_owner\", \"Value\": \"109bb604.brightsolid.com@emea.teams.ms\"}, {\"Key\": \"customer\", \"Value\": \"brightsolid\"}, {\"Key\": \"project_code\", \"Value\": \"08-BSOT-931\"}], \"VolumeType\": \"gp2\", \"MultiAttachEnabled\": false, \"c7n:MatchedFilters\": [\"Encrypted\"]}'),
(1152, 'vol-0d589e5ded91a1aa', 1, 2, 'Vault Auth Test', '2022-09-08 13:31:22', '{\"Attachments\": [{\"AttachTime\": \"2020-04-16T09:44:17+00:00\", \"Device\": \"/dev/xvda\", \"InstanceId\": \"i-0e51ddd315580fd58\", \"State\": \"attached\", \"VolumeId\": \"vol-0d589e5ded91a1aa2\", \"DeleteOnTermination\": true}], \"AvailabilityZone\": \"eu-west-2a\", \"CreateTime\": \"2020-04-16T09:44:17.118000+00:00\", \"Encrypted\": false, \"Size\": 8, \"SnapshotId\": \"snap-0af13fb26dda0ea91\", \"State\": \"in-use\", \"VolumeId\": \"vol-0d589e5ded91a1aa2\", \"Iops\": 100, \"Tags\": [{\"Key\": \"LastAttachTime\", \"Value\": \"2020-04-16T09:44:17+00:00\"}, {\"Key\": \"Name\", \"Value\": \"Vault Auth Test\"}, {\"Key\": \"customer_code\", \"Value\": \"16BSOT01\"}, {\"Key\": \"project_code\", \"Value\": \"08-BSOT-931\"}, {\"Key\": \"resource_owner\", \"Value\": \"109bb604.brightsolid.com@emea.teams.ms\"}, {\"Key\": \"LastAttachInstance\", \"Value\": \"i-0e51ddd315580fd58\"}, {\"Key\": \"customer\", \"Value\": \"brightsolid\"}, {\"Key\": \"c7n:FindingId:ebs-volume-with-invalid-customer\", \"Value\": \"eu-west-2/011072135518/9061b5645c9089df7bb63a3b7e8c4e04/97ac43a24413d936be9727874197e0af:2020-09-10T15:25:14.787098+00:00\"}], \"VolumeType\": \"gp2\", \"MultiAttachEnabled\": false, \"c7n:MatchedFilters\": [\"Encrypted\"]}'),
(1153, 'vol-0f1c53f6796a5fd3', 1, 2, 'dh-dc1', '2022-09-08 13:31:22', '{\"Attachments\": [{\"AttachTime\": \"2022-01-19T12:26:32+00:00\", \"Device\": \"/dev/sda1\", \"InstanceId\": \"i-0cbb8d2103731104b\", \"State\": \"attached\", \"VolumeId\": \"vol-0f1c53f6796a5fd3a\", \"DeleteOnTermination\": true}], \"AvailabilityZone\": \"eu-west-2a\", \"CreateTime\": \"2022-01-19T12:26:32.252000+00:00\", \"Encrypted\": false, \"Size\": 30, \"SnapshotId\": \"snap-03fcb6687c5f0bca4\", \"State\": \"in-use\", \"VolumeId\": \"vol-0f1c53f6796a5fd3a\", \"Iops\": 3000, \"Tags\": [{\"Key\": \"LastAttachTime\", \"Value\": \"2022-01-19T12:26:32+00:00\"}, {\"Key\": \"customer\", \"Value\": \"brightsolid\"}, {\"Key\": \"customer_code\", \"Value\": \"16BSOT01\"}, {\"Key\": \"project_code\", \"Value\": \"08-BSOT-931\"}, {\"Key\": \"Name\", \"Value\": \"dh-dc1\"}, {\"Key\": \"resource_owner\", \"Value\": \"109bb604.brightsolid.com@emea.teams.ms\"}, {\"Key\": \"LastAttachInstance\", \"Value\": \"i-0cbb8d2103731104b\"}], \"VolumeType\": \"gp3\", \"MultiAttachEnabled\": false, \"Throughput\": 125, \"c7n:MatchedFilters\": [\"Encrypted\"]}'),
(1154, 'vol-03207f2066a2ac8c', 1, 2, 'vault', '2022-09-08 13:31:22', '{\"Attachments\": [{\"AttachTime\": \"2022-07-10T17:49:52+00:00\", \"Device\": \"/dev/xvda\", \"InstanceId\": \"i-0a7f0da0406dde702\", \"State\": \"attached\", \"VolumeId\": \"vol-03207f2066a2ac8cd\", \"DeleteOnTermination\": true}], \"AvailabilityZone\": \"eu-west-2a\", \"CreateTime\": \"2022-07-10T17:49:52.412000+00:00\", \"Encrypted\": true, \"KmsKeyId\": \"arn:aws:kms:eu-west-2:011072135518:key/ffb805b5-688d-4340-807b-5c28d7b79c58\", \"Size\": 16, \"SnapshotId\": \"snap-0dacddb1bb8c33a86\", \"State\": \"in-use\", \"VolumeId\": \"vol-03207f2066a2ac8cd\", \"Iops\": 100, \"Tags\": [{\"Key\": \"Name\", \"Value\": \"vault\"}, {\"Key\": \"customer\", \"Value\": \"brightsolid\"}, {\"Key\": \"customer_code\", \"Value\": \"16BSOT01\"}, {\"Key\": \"project_code\", \"Value\": \"08-BSOT-931\"}, {\"Key\": \"resource_owner\", \"Value\": \"operations@brightsolid.com\"}], \"VolumeType\": \"gp2\", \"MultiAttachEnabled\": false}'),
(1155, 'vol-0d1d1cb0a9832281', 1, 2, 'consul-eu-west-2c', '2022-09-08 13:31:22', '{\"Attachments\": [{\"AttachTime\": \"2022-07-10T19:36:33+00:00\", \"Device\": \"/dev/xvda\", \"InstanceId\": \"i-018bd0211080b237d\", \"State\": \"attached\", \"VolumeId\": \"vol-0d1d1cb0a98322818\", \"DeleteOnTermination\": true}], \"AvailabilityZone\": \"eu-west-2c\", \"CreateTime\": \"2022-07-10T19:36:33.430000+00:00\", \"Encrypted\": true, \"KmsKeyId\": \"arn:aws:kms:eu-west-2:011072135518:key/653841b6-257c-4e33-98d4-2ef334217bc8\", \"Size\": 16, \"SnapshotId\": \"snap-0dacddb1bb8c33a86\", \"State\": \"in-use\", \"VolumeId\": \"vol-0d1d1cb0a98322818\", \"Iops\": 100, \"Tags\": [{\"Key\": \"resource_owner\", \"Value\": \"operations@brightsolid.com\"}, {\"Key\": \"customer\", \"Value\": \"brightsolid\"}, {\"Key\": \"Name\", \"Value\": \"consul-eu-west-2c\"}, {\"Key\": \"customer_code\", \"Value\": \"16BSOT01\"}, {\"Key\": \"project_code\", \"Value\": \"08-BSOT-931\"}], \"VolumeType\": \"gp2\", \"MultiAttachEnabled\": false}'),
(1156, 'arn:aws:autoscaling:', 1, 3, 'consul-eu-west-2c', '2022-09-08 13:36:58', '{\"AutoScalingGroupName\": \"consul-eu-west-2c-asg\", \"AutoScalingGroupARN\": \"arn:aws:autoscaling:eu-west-2:011072135518:autoScalingGroup:207ed52e-bc82-4020-a163-5a40719a9962:autoScalingGroupName/consul-eu-west-2c-asg\", \"LaunchTemplate\": {\"LaunchTemplateId\": \"lt-0eb9b55f7ac8d8300\", \"LaunchTemplateName\": \"consul-eu-west-2c-launch-template\", \"Version\": \"$Latest\"}, \"MinSize\": 1, \"MaxSize\": 1, \"DesiredCapacity\": 1, \"DefaultCooldown\": 300, \"AvailabilityZones\": [\"eu-west-2c\"], \"LoadBalancerNames\": [], \"TargetGroupARNs\": [\"arn:aws:elasticloadbalancing:eu-west-2:011072135518:targetgroup/consul-tg/7ea83ad08924b0b6\"], \"HealthCheckType\": \"EC2\", \"HealthCheckGracePeriod\": 300, \"Instances\": [{\"InstanceId\": \"i-018bd0211080b237d\", \"InstanceType\": \"t4g.nano\", \"AvailabilityZone\": \"eu-west-2c\", \"LifecycleState\": \"InService\", \"HealthStatus\": \"Healthy\", \"LaunchTemplate\": {\"LaunchTemplateId\": \"lt-0eb9b55f7ac8d8300\", \"LaunchTemplateName\": \"consul-eu-west-2c-launch-template\", \"Version\": \"8\"}, \"ProtectedFromScaleIn\": false}], \"CreatedTime\": \"2021-03-30T09:07:54.038000+00:00\", \"SuspendedProcesses\": [], \"VPCZoneIdentifier\": \"subnet-037423a4d7e1bb05d\", \"EnabledMetrics\": [{\"Metric\": \"GroupPendingInstances\", \"Granularity\": \"1Minute\"}, {\"Metric\": \"GroupTerminatingCapacity\", \"Granularity\": \"1Minute\"}, {\"Metric\": \"GroupDesiredCapacity\", \"Granularity\": \"1Minute\"}, {\"Metric\": \"GroupTotalInstances\", \"Granularity\": \"1Minute\"}, {\"Metric\": \"GroupTerminatingInstances\", \"Granularity\": \"1Minute\"}, {\"Metric\": \"GroupInServiceCapacity\", \"Granularity\": \"1Minute\"}, {\"Metric\": \"GroupStandbyCapacity\", \"Granularity\": \"1Minute\"}, {\"Metric\": \"GroupTotalCapacity\", \"Granularity\": \"1Minute\"}, {\"Metric\": \"GroupPendingCapacity\", \"Granularity\": \"1Minute\"}, {\"Metric\": \"GroupMinSize\", \"Granularity\": \"1Minute\"}, {\"Metric\": \"GroupMaxSize\", \"Granularity\": \"1Minute\"}, {\"Metric\": \"GroupInServiceInstances\", \"Granularity\": \"1Minute\"}, {\"Metric\": \"GroupStandbyInstances\", \"Granularity\": \"1Minute\"}], \"Tags\": [{\"ResourceId\": \"consul-eu-west-2c-asg\", \"ResourceType\": \"auto-scaling-group\", \"Key\": \"Name\", \"Value\": \"consul-eu-west-2c\", \"PropagateAtLaunch\": true}, {\"ResourceId\": \"consul-eu-west-2c-asg\", \"ResourceType\": \"auto-scaling-group\", \"Key\": \"PrivateDomainName\", \"Value\": \"consul-eu-west-2c.brightsolid-development.bsolcloud.com\", \"PropagateAtLaunch\": false}, {\"ResourceId\": \"consul-eu-west-2c-asg\", \"ResourceType\": \"auto-scaling-group\", \"Key\": \"PublicDomainName\", \"Value\": \"consul-eu-west-2c.brightsolid-development.bsolcloud.com\", \"PropagateAtLaunch\": false}, {\"ResourceId\": \"consul-eu-west-2c-asg\", \"ResourceType\": \"auto-scaling-group\", \"Key\": \"consulcluster\", \"Value\": \"1\", \"PropagateAtLaunch\": false}, {\"ResourceId\": \"consul-eu-west-2c-asg\", \"ResourceType\": \"auto-scaling-group\", \"Key\": \"customer\", \"Value\": \"brightsolid\", \"PropagateAtLaunch\": false}, {\"ResourceId\": \"consul-eu-west-2c-asg\", \"ResourceType\": \"auto-scaling-group\", \"Key\": \"customer_code\", \"Value\": \"16BSOT01\", \"PropagateAtLaunch\": false}, {\"ResourceId\": \"consul-eu-west-2c-asg\", \"ResourceType\": \"auto-scaling-group\", \"Key\": \"project_code\", \"Value\": \"08-BSOT-931\", \"PropagateAtLaunch\": false}, {\"ResourceId\": \"consul-eu-west-2c-asg\", \"ResourceType\": \"auto-scaling-group\", \"Key\": \"resource_owner\", \"Value\": \"109bb604.brightsolid.com@emea.teams.ms\", \"PropagateAtLaunch\": false}], \"TerminationPolicies\": [\"Default\"], \"NewInstancesProtectedFromScaleIn\": false, \"ServiceLinkedRoleARN\": \"arn:aws:iam::011072135518:role/aws-service-role/autoscaling.amazonaws.com/AWSServiceRoleForAutoScaling\"}'),
(1157, 'arn:aws:autoscaling:', 1, 3, 'gitlab', '2022-09-08 13:36:58', '{\"AutoScalingGroupName\": \"gitlab-asg\", \"AutoScalingGroupARN\": \"arn:aws:autoscaling:eu-west-2:011072135518:autoScalingGroup:a2ee3fb9-a1f3-4885-83f7-590242535715:autoScalingGroupName/gitlab-asg\", \"LaunchTemplate\": {\"LaunchTemplateId\": \"lt-0ee7974ef06ee0608\", \"LaunchTemplateName\": \"gitlab-launch-template\", \"Version\": \"$Latest\"}, \"MinSize\": 0, \"MaxSize\": 0, \"DesiredCapacity\": 0, \"DefaultCooldown\": 300, \"AvailabilityZones\": [\"eu-west-2a\"], \"LoadBalancerNames\": [], \"TargetGroupARNs\": [], \"HealthCheckType\": \"EC2\", \"HealthCheckGracePeriod\": 300, \"Instances\": [], \"CreatedTime\": \"2020-02-22T15:19:55.394000+00:00\", \"SuspendedProcesses\": [], \"VPCZoneIdentifier\": \"subnet-0385927a7d61e8706\", \"EnabledMetrics\": [{\"Metric\": \"GroupInServiceCapacity\", \"Granularity\": \"1Minute\"}, {\"Metric\": \"GroupPendingCapacity\", \"Granularity\": \"1Minute\"}, {\"Metric\": \"GroupStandbyInstances\", \"Granularity\": \"1Minute\"}, {\"Metric\": \"GroupStandbyCapacity\", \"Granularity\": \"1Minute\"}, {\"Metric\": \"GroupTotalInstances\", \"Granularity\": \"1Minute\"}, {\"Metric\": \"GroupMinSize\", \"Granularity\": \"1Minute\"}, {\"Metric\": \"GroupPendingInstances\", \"Granularity\": \"1Minute\"}, {\"Metric\": \"GroupTerminatingCapacity\", \"Granularity\": \"1Minute\"}, {\"Metric\": \"GroupInServiceInstances\", \"Granularity\": \"1Minute\"}, {\"Metric\": \"GroupTerminatingInstances\", \"Granularity\": \"1Minute\"}, {\"Metric\": \"GroupDesiredCapacity\", \"Granularity\": \"1Minute\"}, {\"Metric\": \"GroupMaxSize\", \"Granularity\": \"1Minute\"}, {\"Metric\": \"GroupTotalCapacity\", \"Granularity\": \"1Minute\"}], \"Tags\": [{\"ResourceId\": \"gitlab-asg\", \"ResourceType\": \"auto-scaling-group\", \"Key\": \"Name\", \"Value\": \"gitlab\", \"PropagateAtLaunch\": true}, {\"ResourceId\": \"gitlab-asg\", \"ResourceType\": \"auto-scaling-group\", \"Key\": \"PrivateDomainName\", \"Value\": \"gitlab.service\", \"PropagateAtLaunch\": true}], \"TerminationPolicies\": [\"Default\"], \"NewInstancesProtectedFromScaleIn\": false, \"ServiceLinkedRoleARN\": \"arn:aws:iam::011072135518:role/aws-service-role/autoscaling.amazonaws.com/AWSServiceRoleForAutoScaling\"}'),
(1158, 'arn:aws:autoscaling:', 1, 3, 'gitlab-dev-runner', '2022-09-08 13:36:58', '{\"AutoScalingGroupName\": \"gitlab-dev-runner-asg\", \"AutoScalingGroupARN\": \"arn:aws:autoscaling:eu-west-2:011072135518:autoScalingGroup:85a8da78-d820-40f4-b401-5fb4ac55d2e8:autoScalingGroupName/gitlab-dev-runner-asg\", \"LaunchTemplate\": {\"LaunchTemplateId\": \"lt-05efcfb51c61be593\", \"LaunchTemplateName\": \"gitlab-dev-runner-launch-template\", \"Version\": \"$Latest\"}, \"MinSize\": 0, \"MaxSize\": 0, \"DesiredCapacity\": 0, \"DefaultCooldown\": 300, \"AvailabilityZones\": [\"eu-west-2a\"], \"LoadBalancerNames\": [], \"TargetGroupARNs\": [], \"HealthCheckType\": \"EC2\", \"HealthCheckGracePeriod\": 300, \"Instances\": [], \"CreatedTime\": \"2020-03-01T15:32:34.040000+00:00\", \"SuspendedProcesses\": [], \"VPCZoneIdentifier\": \"subnet-0385927a7d61e8706\", \"EnabledMetrics\": [{\"Metric\": \"GroupPendingInstances\", \"Granularity\": \"1Minute\"}, {\"Metric\": \"GroupTerminatingCapacity\", \"Granularity\": \"1Minute\"}, {\"Metric\": \"GroupTerminatingInstances\", \"Granularity\": \"1Minute\"}, {\"Metric\": \"GroupMaxSize\", \"Granularity\": \"1Minute\"}, {\"Metric\": \"GroupInServiceInstances\", \"Granularity\": \"1Minute\"}, {\"Metric\": \"GroupStandbyCapacity\", \"Granularity\": \"1Minute\"}, {\"Metric\": \"GroupTotalCapacity\", \"Granularity\": \"1Minute\"}, {\"Metric\": \"GroupInServiceCapacity\", \"Granularity\": \"1Minute\"}, {\"Metric\": \"GroupPendingCapacity\", \"Granularity\": \"1Minute\"}, {\"Metric\": \"GroupStandbyInstances\", \"Granularity\": \"1Minute\"}, {\"Metric\": \"GroupDesiredCapacity\", \"Granularity\": \"1Minute\"}, {\"Metric\": \"GroupMinSize\", \"Granularity\": \"1Minute\"}, {\"Metric\": \"GroupTotalInstances\", \"Granularity\": \"1Minute\"}], \"Tags\": [{\"ResourceId\": \"gitlab-dev-runner-asg\", \"ResourceType\": \"auto-scaling-group\", \"Key\": \"Name\", \"Value\": \"gitlab-dev-runner\", \"PropagateAtLaunch\": true}, {\"ResourceId\": \"gitlab-dev-runner-asg\", \"ResourceType\": \"auto-scaling-group\", \"Key\": \"PrivateDomainName\", \"Value\": \"gitlab-dev-runner.brightsolid-dev-test.bsolcloud.com\", \"PropagateAtLaunch\": true}, {\"ResourceId\": \"gitlab-dev-runner-asg\", \"ResourceType\": \"auto-scaling-group\", \"Key\": \"PublicDomainName\", \"Value\": \"gitlab-dev-runner.brightsolid-dev-test.bsolcloud.com\", \"PropagateAtLaunch\": true}], \"TerminationPolicies\": [\"Default\"], \"NewInstancesProtectedFromScaleIn\": false, \"ServiceLinkedRoleARN\": \"arn:aws:iam::011072135518:role/aws-service-role/autoscaling.amazonaws.com/AWSServiceRoleForAutoScaling\"}'),
(1159, 'arn:aws:autoscaling:', 1, 3, 'arn:aws:autoscaling:', '2022-09-08 13:36:58', '{\"AutoScalingGroupName\": \"packer-asg-test\", \"AutoScalingGroupARN\": \"arn:aws:autoscaling:eu-west-2:011072135518:autoScalingGroup:0986b5ee-f56e-4d8c-b253-d2844d8b94d5:autoScalingGroupName/packer-asg-test\", \"LaunchTemplate\": {\"LaunchTemplateId\": \"lt-01c84d49bbe77777f\", \"LaunchTemplateName\": \"packer-build-test\", \"Version\": \"$Default\"}, \"MinSize\": 0, \"MaxSize\": 0, \"DesiredCapacity\": 0, \"DefaultCooldown\": 60, \"AvailabilityZones\": [\"eu-west-2b\"], \"LoadBalancerNames\": [], \"TargetGroupARNs\": [], \"HealthCheckType\": \"EC2\", \"HealthCheckGracePeriod\": 300, \"Instances\": [], \"CreatedTime\": \"2020-03-03T14:02:29.922000+00:00\", \"SuspendedProcesses\": [], \"VPCZoneIdentifier\": \"subnet-05b18ff772fd0d5ab\", \"EnabledMetrics\": [], \"Tags\": [], \"TerminationPolicies\": [\"Default\"], \"NewInstancesProtectedFromScaleIn\": false, \"ServiceLinkedRoleARN\": \"arn:aws:iam::011072135518:role/aws-service-role/autoscaling.amazonaws.com/AWSServiceRoleForAutoScaling\"}'),
(1160, 'eni-03b71db5c0114e36', 1, 6, 'eni-03b71db5c0114e36', '2022-09-08 13:45:03', '{\"Attachment\": {\"AttachmentId\": \"ela-attach-00de7268581687f93\", \"DeleteOnTermination\": false, \"DeviceIndex\": 1, \"InstanceOwnerId\": \"amazon-aws\", \"Status\": \"attached\"}, \"AvailabilityZone\": \"eu-west-2a\", \"Description\": \"EFS mount target for fs-5014f9a0 (fsmt-ef7ee21e)\", \"Groups\": [{\"GroupName\": \"efs2api-test-efs-sg\", \"GroupId\": \"sg-04cfe0b3ccbd55862\"}], \"InterfaceType\": \"interface\", \"Ipv6Addresses\": [], \"MacAddress\": \"06:0a:7c:1d:38:00\", \"NetworkInterfaceId\": \"eni-03b71db5c0114e362\", \"OwnerId\": \"011072135518\", \"PrivateDnsName\": \"ip-10-184-0-97.eu-west-2.compute.internal\", \"PrivateIpAddress\": \"10.184.0.97\", \"PrivateIpAddresses\": [{\"Primary\": true, \"PrivateDnsName\": \"ip-10-184-0-97.eu-west-2.compute.internal\", \"PrivateIpAddress\": \"10.184.0.97\"}], \"RequesterId\": \"838331228873\", \"RequesterManaged\": true, \"SourceDestCheck\": true, \"Status\": \"in-use\", \"SubnetId\": \"subnet-0385927a7d61e8706\", \"VpcId\": \"vpc-05da5d22d7bd6f8cf\", \"Tags\": []}'),
(1161, 'arn:aws:autoscaling:', 1, 3, 'vault', '2022-09-08 13:36:58', '{\"AutoScalingGroupName\": \"vault-asg\", \"AutoScalingGroupARN\": \"arn:aws:autoscaling:eu-west-2:011072135518:autoScalingGroup:96b0e021-d03e-40de-aeb4-1b8d2e983c1c:autoScalingGroupName/vault-asg\", \"LaunchTemplate\": {\"LaunchTemplateId\": \"lt-0d666b51cb384f7cb\", \"LaunchTemplateName\": \"vault-launch-template\", \"Version\": \"$Latest\"}, \"MinSize\": 1, \"MaxSize\": 2, \"DesiredCapacity\": 2, \"DefaultCooldown\": 300, \"AvailabilityZones\": [\"eu-west-2c\", \"eu-west-2a\", \"eu-west-2b\"], \"LoadBalancerNames\": [], \"TargetGroupARNs\": [\"arn:aws:elasticloadbalancing:eu-west-2:011072135518:targetgroup/vault-tg/2ac47c670c216df5\"], \"HealthCheckType\": \"EC2\", \"HealthCheckGracePeriod\": 300, \"Instances\": [{\"InstanceId\": \"i-08a220f9238167574\", \"InstanceType\": \"t4g.nano\", \"AvailabilityZone\": \"eu-west-2b\", \"LifecycleState\": \"InService\", \"HealthStatus\": \"Healthy\", \"LaunchTemplate\": {\"LaunchTemplateId\": \"lt-0d666b51cb384f7cb\", \"LaunchTemplateName\": \"vault-launch-template\", \"Version\": \"4\"}, \"ProtectedFromScaleIn\": false}, {\"InstanceId\": \"i-0a7f0da0406dde702\", \"InstanceType\": \"t4g.nano\", \"AvailabilityZone\": \"eu-west-2a\", \"LifecycleState\": \"InService\", \"HealthStatus\": \"Healthy\", \"LaunchTemplate\": {\"LaunchTemplateId\": \"lt-0d666b51cb384f7cb\", \"LaunchTemplateName\": \"vault-launch-template\", \"Version\": \"4\"}, \"ProtectedFromScaleIn\": false}], \"CreatedTime\": \"2021-03-31T15:20:31.795000+00:00\", \"SuspendedProcesses\": [], \"VPCZoneIdentifier\": \"subnet-05b18ff772fd0d5ab,subnet-037423a4d7e1bb05d,subnet-0385927a7d61e8706\", \"EnabledMetrics\": [{\"Metric\": \"GroupPendingCapacity\", \"Granularity\": \"1Minute\"}, {\"Metric\": \"GroupStandbyInstances\", \"Granularity\": \"1Minute\"}, {\"Metric\": \"GroupMinSize\", \"Granularity\": \"1Minute\"}, {\"Metric\": \"GroupDesiredCapacity\", \"Granularity\": \"1Minute\"}, {\"Metric\": \"GroupTotalInstances\", \"Granularity\": \"1Minute\"}, {\"Metric\": \"GroupTerminatingInstances\", \"Granularity\": \"1Minute\"}, {\"Metric\": \"GroupInServiceCapacity\", \"Granularity\": \"1Minute\"}, {\"Metric\": \"GroupPendingInstances\", \"Granularity\": \"1Minute\"}, {\"Metric\": \"GroupTerminatingCapacity\", \"Granularity\": \"1Minute\"}, {\"Metric\": \"GroupTotalCapacity\", \"Granularity\": \"1Minute\"}, {\"Metric\": \"GroupStandbyCapacity\", \"Granularity\": \"1Minute\"}, {\"Metric\": \"GroupInServiceInstances\", \"Granularity\": \"1Minute\"}, {\"Metric\": \"GroupMaxSize\", \"Granularity\": \"1Minute\"}], \"Tags\": [{\"ResourceId\": \"vault-asg\", \"ResourceType\": \"auto-scaling-group\", \"Key\": \"Name\", \"Value\": \"vault\", \"PropagateAtLaunch\": true}, {\"ResourceId\": \"vault-asg\", \"ResourceType\": \"auto-scaling-group\", \"Key\": \"customer\", \"Value\": \"brightsolid\", \"PropagateAtLaunch\": false}, {\"ResourceId\": \"vault-asg\", \"ResourceType\": \"auto-scaling-group\", \"Key\": \"customer_code\", \"Value\": \"16BSOT01\", \"PropagateAtLaunch\": false}, {\"ResourceId\": \"vault-asg\", \"ResourceType\": \"auto-scaling-group\", \"Key\": \"project_code\", \"Value\": \"08-BSOT-931\", \"PropagateAtLaunch\": false}, {\"ResourceId\": \"vault-asg\", \"ResourceType\": \"auto-scaling-group\", \"Key\": \"resource_owner\", \"Value\": \"109bb604.brightsolid.com@emea.teams.ms\", \"PropagateAtLaunch\": false}], \"TerminationPolicies\": [\"Default\"], \"NewInstancesProtectedFromScaleIn\": false, \"ServiceLinkedRoleARN\": \"arn:aws:iam::011072135518:role/aws-service-role/autoscaling.amazonaws.com/AWSServiceRoleForAutoScaling\"}'),
(1162, 'fs-0f41cf03bee996d6f', 1, 4, 'dh-unencrypted-efs-t', '2022-09-08 13:39:04', '{\"OwnerId\": \"011072135518\", \"CreationToken\": \"console-bf71b694-0e3c-4488-bcb4-d038d7996011\", \"FileSystemId\": \"fs-0f41cf03bee996d6f\", \"FileSystemArn\": \"arn:aws:elasticfilesystem:eu-west-2:011072135518:file-system/fs-0f41cf03bee996d6f\", \"CreationTime\": \"2021-12-06T14:57:07+00:00\", \"LifeCycleState\": \"available\", \"Name\": \"dh-unencrypted-efs-test2\", \"NumberOfMountTargets\": 1, \"SizeInBytes\": {\"Value\": 6144, \"Timestamp\": \"2022-09-08T14:34:03+01:00\", \"ValueInIA\": 0, \"ValueInStandard\": 6144}, \"PerformanceMode\": \"generalPurpose\", \"Encrypted\": false, \"ThroughputMode\": \"bursting\", \"AvailabilityZoneName\": \"eu-west-2a\", \"AvailabilityZoneId\": \"euw2-az2\", \"Tags\": [{\"Key\": \"Name\", \"Value\": \"dh-unencrypted-efs-test2\"}, {\"Key\": \"c7n:FindingId:efs-unencrypted-filesystem\", \"Value\": \"eu-west-2/011072135518/e129d1c6bd687e79893d4e833e92e90a/951fe9ff76492f1c843e7127bc7d3864:2021-12-06T14:57:38.936568+00:00\"}]}'),
(1163, 'fs-5014f9a0', 1, 4, 'efs2api test EFS vol', '2022-09-08 13:39:04', '{\"OwnerId\": \"011072135518\", \"CreationToken\": \"terraform-20210518175416620500000001\", \"FileSystemId\": \"fs-5014f9a0\", \"FileSystemArn\": \"arn:aws:elasticfilesystem:eu-west-2:011072135518:file-system/fs-5014f9a0\", \"CreationTime\": \"2021-05-18T18:54:17+01:00\", \"LifeCycleState\": \"available\", \"Name\": \"efs2api test EFS volume\", \"NumberOfMountTargets\": 3, \"SizeInBytes\": {\"Value\": 67047424, \"Timestamp\": \"2022-09-08T14:26:47+01:00\", \"ValueInIA\": 0, \"ValueInStandard\": 67047424}, \"PerformanceMode\": \"generalPurpose\", \"Encrypted\": true, \"KmsKeyId\": \"arn:aws:kms:eu-west-2:011072135518:key/2f4454eb-ef6d-4cfc-ba0d-296bfa14d737\", \"ThroughputMode\": \"bursting\", \"Tags\": [{\"Key\": \"Name\", \"Value\": \"efs2api test EFS volume\"}, {\"Key\": \"customer\", \"Value\": \"brightsolid\"}, {\"Key\": \"customer_code\", \"Value\": \"16BSOT01\"}, {\"Key\": \"project_code\", \"Value\": \"08-BSOT-931\"}, {\"Key\": \"resource_owner\", \"Value\": \"109bb604.brightsolid.com@emea.teams.ms\"}]}'),
(1164, 'fs-2bd54bda', 1, 4, 'gitlab-efs', '2022-09-08 13:39:04', '{\"OwnerId\": \"011072135518\", \"CreationToken\": \"terraform-20200222151821273300000001\", \"FileSystemId\": \"fs-2bd54bda\", \"FileSystemArn\": \"arn:aws:elasticfilesystem:eu-west-2:011072135518:file-system/fs-2bd54bda\", \"CreationTime\": \"2020-02-22T15:18:21+00:00\", \"LifeCycleState\": \"available\", \"Name\": \"gitlab-efs\", \"NumberOfMountTargets\": 1, \"SizeInBytes\": {\"Value\": 1956200448, \"Timestamp\": \"2022-09-08T14:32:45+01:00\", \"ValueInIA\": 0, \"ValueInStandard\": 1956200448}, \"PerformanceMode\": \"generalPurpose\", \"Encrypted\": true, \"KmsKeyId\": \"arn:aws:kms:eu-west-2:011072135518:key/46513f2d-df52-4e50-8064-d009b1449f23\", \"ThroughputMode\": \"bursting\", \"Tags\": [{\"Key\": \"Name\", \"Value\": \"gitlab-efs\"}]}'),
(1165, 'arn:aws:elasticloadb', 1, 5, 'consul-lb', '2022-09-08 13:43:11', '{\"LoadBalancerArn\": \"arn:aws:elasticloadbalancing:eu-west-2:011072135518:loadbalancer/app/consul-lb/84cc7f3969b5117f\", \"DNSName\": \"internal-consul-lb-1402220819.eu-west-2.elb.amazonaws.com\", \"CanonicalHostedZoneId\": \"ZHURV8PSTC4K8\", \"CreatedTime\": \"2021-03-30T09:07:50.190000+00:00\", \"LoadBalancerName\": \"consul-lb\", \"Scheme\": \"internal\", \"VpcId\": \"vpc-05da5d22d7bd6f8cf\", \"State\": {\"Code\": \"active\"}, \"Type\": \"application\", \"AvailabilityZones\": [{\"ZoneName\": \"eu-west-2c\", \"SubnetId\": \"subnet-037423a4d7e1bb05d\", \"LoadBalancerAddresses\": []}, {\"ZoneName\": \"eu-west-2a\", \"SubnetId\": \"subnet-0385927a7d61e8706\", \"LoadBalancerAddresses\": []}, {\"ZoneName\": \"eu-west-2b\", \"SubnetId\": \"subnet-05b18ff772fd0d5ab\", \"LoadBalancerAddresses\": []}], \"SecurityGroups\": [\"sg-0b3056e6cd104b88d\"], \"IpAddressType\": \"ipv4\", \"Tags\": [{\"Key\": \"resource_owner\", \"Value\": \"operations@brightsolid.com\"}, {\"Key\": \"project_code\", \"Value\": \"08-BSOT-931\"}, {\"Key\": \"customer_code\", \"Value\": \"16BSOT01\"}, {\"Key\": \"Name\", \"Value\": \"consul-lb\"}, {\"Key\": \"customer\", \"Value\": \"brightsolid\"}]}'),
(1166, 'eni-0e2f472cde9bdfc1', 1, 6, 'eni-0e2f472cde9bdfc1', '2022-09-08 13:45:03', '{\"Attachment\": {\"AttachTime\": \"2022-08-08T02:04:28+00:00\", \"AttachmentId\": \"eni-attach-01d76c445465d7a3a\", \"DeleteOnTermination\": false, \"DeviceIndex\": 1, \"NetworkCardIndex\": 0, \"InstanceOwnerId\": \"amazon-elb\", \"Status\": \"attached\"}, \"AvailabilityZone\": \"eu-west-2a\", \"Description\": \"ELB app/consul-lb/84cc7f3969b5117f\", \"Groups\": [{\"GroupName\": \"consul-alb-sg\", \"GroupId\": \"sg-0b3056e6cd104b88d\"}], \"InterfaceType\": \"interface\", \"Ipv6Addresses\": [], \"MacAddress\": \"06:5a:46:f0:88:86\", \"NetworkInterfaceId\": \"eni-0e2f472cde9bdfc16\", \"OwnerId\": \"011072135518\", \"PrivateDnsName\": \"ip-10-184-0-143.eu-west-2.compute.internal\", \"PrivateIpAddress\": \"10.184.0.143\", \"PrivateIpAddresses\": [{\"Primary\": true, \"PrivateDnsName\": \"ip-10-184-0-143.eu-west-2.compute.internal\", \"PrivateIpAddress\": \"10.184.0.143\"}], \"RequesterId\": \"amazon-elb\", \"RequesterManaged\": true, \"SourceDestCheck\": true, \"Status\": \"in-use\", \"SubnetId\": \"subnet-0385927a7d61e8706\", \"VpcId\": \"vpc-05da5d22d7bd6f8cf\", \"Tags\": []}'),
(1167, 'eni-01a691b1215fb9df', 1, 6, 'eni-01a691b1215fb9df', '2022-09-08 13:45:03', '{\"Association\": {\"IpOwnerId\": \"482926486188\", \"PublicDnsName\": \"ec2-3-11-179-244.eu-west-2.compute.amazonaws.com\", \"PublicIp\": \"3.11.179.244\"}, \"Attachment\": {\"AttachTime\": \"2022-09-05T04:48:11+00:00\", \"AttachmentId\": \"eni-attach-053f596ff8abca864\", \"DeleteOnTermination\": false, \"DeviceIndex\": 2, \"NetworkCardIndex\": 0, \"InstanceOwnerId\": \"482926486188\", \"Status\": \"attached\"}, \"AvailabilityZone\": \"eu-west-2b\", \"Description\": \"ClientVPN Endpoint resource. EndpointId: cvpn-endpoint-00f66605513b2e798\", \"Groups\": [{\"GroupName\": \"default\", \"GroupId\": \"sg-04df6c594c311e8ef\"}], \"InterfaceType\": \"interface\", \"Ipv6Addresses\": [], \"MacAddress\": \"0a:9c:d8:f7:fb:5a\", \"NetworkInterfaceId\": \"eni-01a691b1215fb9df1\", \"OwnerId\": \"011072135518\", \"PrivateDnsName\": \"ip-10-184-1-47.eu-west-2.compute.internal\", \"PrivateIpAddress\": \"10.184.1.47\", \"PrivateIpAddresses\": [{\"Association\": {\"IpOwnerId\": \"482926486188\", \"PublicDnsName\": \"ec2-3-11-179-244.eu-west-2.compute.amazonaws.com\", \"PublicIp\": \"3.11.179.244\"}, \"Primary\": true, \"PrivateDnsName\": \"ip-10-184-1-47.eu-west-2.compute.internal\", \"PrivateIpAddress\": \"10.184.1.47\"}], \"RequesterId\": \"419983253523\", \"RequesterManaged\": false, \"SourceDestCheck\": true, \"Status\": \"in-use\", \"SubnetId\": \"subnet-05b18ff772fd0d5ab\", \"VpcId\": \"vpc-05da5d22d7bd6f8cf\", \"Tags\": []}'),
(1168, 'eni-0ba6b424f3dbe9dc', 1, 6, 'eni-0ba6b424f3dbe9dc', '2022-09-08 13:45:03', '{\"Attachment\": {\"AttachTime\": \"2020-04-16T09:44:16+00:00\", \"AttachmentId\": \"eni-attach-017741bad6f8d893f\", \"DeleteOnTermination\": true, \"DeviceIndex\": 0, \"NetworkCardIndex\": 0, \"InstanceId\": \"i-0e51ddd315580fd58\", \"InstanceOwnerId\": \"011072135518\", \"Status\": \"attached\"}, \"AvailabilityZone\": \"eu-west-2a\", \"Description\": \"Primary network interface\", \"Groups\": [{\"GroupName\": \"launch-wizard-4\", \"GroupId\": \"sg-0072d99591e9b5afb\"}], \"InterfaceType\": \"interface\", \"Ipv6Addresses\": [], \"MacAddress\": \"06:49:82:e3:89:c2\", \"NetworkInterfaceId\": \"eni-0ba6b424f3dbe9dc7\", \"OwnerId\": \"011072135518\", \"PrivateDnsName\": \"ip-10-184-0-139.eu-west-2.compute.internal\", \"PrivateIpAddress\": \"10.184.0.139\", \"PrivateIpAddresses\": [{\"Primary\": true, \"PrivateDnsName\": \"ip-10-184-0-139.eu-west-2.compute.internal\", \"PrivateIpAddress\": \"10.184.0.139\"}], \"RequesterManaged\": false, \"SourceDestCheck\": true, \"Status\": \"in-use\", \"SubnetId\": \"subnet-0385927a7d61e8706\", \"VpcId\": \"vpc-05da5d22d7bd6f8cf\", \"Tags\": [{\"Key\": \"project_code\", \"Value\": \"08-BSOT-931\"}, {\"Key\": \"c7n:FindingId:eni-interface-with-invalid-customer\", \"Value\": \"eu-west-2/011072135518/b0f2008d0d8a08496eb3492d33b2e91e/6f4da8ce44cc05c26db71f7a2564e744:2020-09-10T15:55:13.499443+00:00\"}, {\"Key\": \"customer\", \"Value\": \"brightsolid\"}, {\"Key\": \"resource_owner\", \"Value\": \"109bb604.brightsolid.com@emea.teams.ms\"}, {\"Key\": \"customer_code\", \"Value\": \"16BSOT01\"}]}'),
(1169, 'eni-0bd91b6c84d23623', 1, 6, 'eni-0bd91b6c84d23623', '2022-09-08 13:45:03', '{\"Association\": {\"IpOwnerId\": \"482926486188\", \"PublicDnsName\": \"ec2-13-41-221-180.eu-west-2.compute.amazonaws.com\", \"PublicIp\": \"13.41.221.180\"}, \"Attachment\": {\"AttachTime\": \"2022-09-07T21:27:36+00:00\", \"AttachmentId\": \"eni-attach-03f76c50ab8216934\", \"DeleteOnTermination\": false, \"DeviceIndex\": 2, \"NetworkCardIndex\": 0, \"InstanceOwnerId\": \"482926486188\", \"Status\": \"attached\"}, \"AvailabilityZone\": \"eu-west-2b\", \"Description\": \"ClientVPN Endpoint resource. EndpointId: cvpn-endpoint-00f66605513b2e798\", \"Groups\": [{\"GroupName\": \"default\", \"GroupId\": \"sg-04df6c594c311e8ef\"}], \"InterfaceType\": \"interface\", \"Ipv6Addresses\": [], \"MacAddress\": \"0a:6a:cb:7c:ab:36\", \"NetworkInterfaceId\": \"eni-0bd91b6c84d23623e\", \"OwnerId\": \"011072135518\", \"PrivateDnsName\": \"ip-10-184-1-163.eu-west-2.compute.internal\", \"PrivateIpAddress\": \"10.184.1.163\", \"PrivateIpAddresses\": [{\"Association\": {\"IpOwnerId\": \"482926486188\", \"PublicDnsName\": \"ec2-13-41-221-180.eu-west-2.compute.amazonaws.com\", \"PublicIp\": \"13.41.221.180\"}, \"Primary\": true, \"PrivateDnsName\": \"ip-10-184-1-163.eu-west-2.compute.internal\", \"PrivateIpAddress\": \"10.184.1.163\"}], \"RequesterId\": \"419983253523\", \"RequesterManaged\": false, \"SourceDestCheck\": true, \"Status\": \"in-use\", \"SubnetId\": \"subnet-05b18ff772fd0d5ab\", \"VpcId\": \"vpc-05da5d22d7bd6f8cf\", \"Tags\": []}'),
(1170, 'eni-0d7dba12f9897803', 1, 6, 'eni-0d7dba12f9897803', '2022-09-08 13:45:03', '{\"Attachment\": {\"AttachTime\": \"2022-08-20T05:00:36+00:00\", \"AttachmentId\": \"eni-attach-0b1236fb990f3e2f7\", \"DeleteOnTermination\": false, \"DeviceIndex\": 1, \"NetworkCardIndex\": 0, \"InstanceOwnerId\": \"amazon-elb\", \"Status\": \"attached\"}, \"AvailabilityZone\": \"eu-west-2c\", \"Description\": \"ELB app/consul-lb/84cc7f3969b5117f\", \"Groups\": [{\"GroupName\": \"consul-alb-sg\", \"GroupId\": \"sg-0b3056e6cd104b88d\"}], \"InterfaceType\": \"interface\", \"Ipv6Addresses\": [], \"MacAddress\": \"02:21:02:35:03:1e\", \"NetworkInterfaceId\": \"eni-0d7dba12f9897803d\", \"OwnerId\": \"011072135518\", \"PrivateDnsName\": \"ip-10-184-2-128.eu-west-2.compute.internal\", \"PrivateIpAddress\": \"10.184.2.128\", \"PrivateIpAddresses\": [{\"Primary\": true, \"PrivateDnsName\": \"ip-10-184-2-128.eu-west-2.compute.internal\", \"PrivateIpAddress\": \"10.184.2.128\"}], \"RequesterId\": \"amazon-elb\", \"RequesterManaged\": true, \"SourceDestCheck\": true, \"Status\": \"in-use\", \"SubnetId\": \"subnet-037423a4d7e1bb05d\", \"VpcId\": \"vpc-05da5d22d7bd6f8cf\", \"Tags\": []}'),
(1171, 'eni-0ee400a87fae1d9c', 1, 6, 'eni-0ee400a87fae1d9c', '2022-09-08 13:45:03', '{\"Attachment\": {\"AttachTime\": \"2022-01-31T21:36:41+00:00\", \"AttachmentId\": \"eni-attach-0b8f8abad117e0d40\", \"DeleteOnTermination\": false, \"DeviceIndex\": 1, \"NetworkCardIndex\": 0, \"InstanceId\": \"i-0d10914a605a86389\", \"InstanceOwnerId\": \"011072135518\", \"Status\": \"attached\"}, \"AvailabilityZone\": \"eu-west-2b\", \"Description\": \"Martyn - Packer win2019 - \", \"Groups\": [{\"GroupName\": \"Martyn RDP\", \"GroupId\": \"sg-0529e50e2e3396542\"}], \"InterfaceType\": \"interface\", \"Ipv6Addresses\": [], \"MacAddress\": \"0a:13:97:20:01:a6\", \"NetworkInterfaceId\": \"eni-0ee400a87fae1d9cf\", \"OwnerId\": \"011072135518\", \"PrivateDnsName\": \"ip-10-184-1-57.eu-west-2.compute.internal\", \"PrivateIpAddress\": \"10.184.1.57\", \"PrivateIpAddresses\": [{\"Primary\": true, \"PrivateDnsName\": \"ip-10-184-1-57.eu-west-2.compute.internal\", \"PrivateIpAddress\": \"10.184.1.57\"}], \"RequesterId\": \"AROAQFE7TMFPONZFC4Q3Z:martyn.langlands@brightsolid.com\", \"RequesterManaged\": false, \"SourceDestCheck\": true, \"Status\": \"in-use\", \"SubnetId\": \"subnet-05b18ff772fd0d5ab\", \"VpcId\": \"vpc-05da5d22d7bd6f8cf\", \"Tags\": [{\"Key\": \"customer\", \"Value\": \"brightsolid\"}, {\"Key\": \"customer_code\", \"Value\": \"16BSOT01\"}, {\"Key\": \"project_code\", \"Value\": \"08-BSOT-931\"}, {\"Key\": \"resource_owner\", \"Value\": \"109bb604.brightsolid.com@emea.teams.ms\"}]}'),
(1172, 'eni-00733fb541268b58', 1, 6, 'eni-00733fb541268b58', '2022-09-08 13:45:03', '{\"Attachment\": {\"AttachmentId\": \"ela-attach-aad5faff\", \"DeleteOnTermination\": false, \"DeviceIndex\": 1, \"InstanceOwnerId\": \"amazon-aws\", \"Status\": \"attached\"}, \"AvailabilityZone\": \"eu-west-2a\", \"Description\": \"EFS mount target for fs-2bd54bda (fsmt-05c517f4)\", \"Groups\": [{\"GroupName\": \"gitlab-efs-sg\", \"GroupId\": \"sg-04abb55116a7adbc5\"}], \"InterfaceType\": \"interface\", \"Ipv6Addresses\": [], \"MacAddress\": \"06:fe:38:aa:39:b0\", \"NetworkInterfaceId\": \"eni-00733fb541268b581\", \"OwnerId\": \"011072135518\", \"PrivateDnsName\": \"ip-10-184-0-141.eu-west-2.compute.internal\", \"PrivateIpAddress\": \"10.184.0.141\", \"PrivateIpAddresses\": [{\"Primary\": true, \"PrivateDnsName\": \"ip-10-184-0-141.eu-west-2.compute.internal\", \"PrivateIpAddress\": \"10.184.0.141\"}], \"RequesterId\": \"838331228873\", \"RequesterManaged\": true, \"SourceDestCheck\": true, \"Status\": \"in-use\", \"SubnetId\": \"subnet-0385927a7d61e8706\", \"VpcId\": \"vpc-05da5d22d7bd6f8cf\", \"Tags\": []}');
INSERT INTO `resource` (`resource_id`, `resource_ref`, `account_id`, `resource_type_id`, `resource_name`, `last_updated`, `resource_metadata`) VALUES
(1173, 'eni-0aa1501647f12ae7', 1, 6, 'eni-0aa1501647f12ae7', '2022-09-08 13:45:03', '{\"Attachment\": {\"AttachTime\": \"2020-02-10T21:21:23+00:00\", \"AttachmentId\": \"eni-attach-0ab8f83f7f6acfb0a\", \"DeleteOnTermination\": true, \"DeviceIndex\": 0, \"NetworkCardIndex\": 0, \"InstanceId\": \"i-060476bb31df657e7\", \"InstanceOwnerId\": \"011072135518\", \"Status\": \"attached\"}, \"AvailabilityZone\": \"eu-west-2a\", \"Description\": \"\", \"Groups\": [{\"GroupName\": \"launch-wizard-4\", \"GroupId\": \"sg-0072d99591e9b5afb\"}], \"InterfaceType\": \"interface\", \"Ipv6Addresses\": [], \"MacAddress\": \"06:70:52:26:68:62\", \"NetworkInterfaceId\": \"eni-0aa1501647f12ae7f\", \"OwnerId\": \"011072135518\", \"PrivateDnsName\": \"ip-10-184-0-18.eu-west-2.compute.internal\", \"PrivateIpAddress\": \"10.184.0.18\", \"PrivateIpAddresses\": [{\"Primary\": true, \"PrivateDnsName\": \"ip-10-184-0-18.eu-west-2.compute.internal\", \"PrivateIpAddress\": \"10.184.0.18\"}], \"RequesterManaged\": false, \"SourceDestCheck\": true, \"Status\": \"in-use\", \"SubnetId\": \"subnet-0385927a7d61e8706\", \"VpcId\": \"vpc-05da5d22d7bd6f8cf\", \"Tags\": [{\"Key\": \"project_code\", \"Value\": \"08-BSOT-931\"}, {\"Key\": \"customer\", \"Value\": \"brightsolid\"}, {\"Key\": \"customer_code\", \"Value\": \"16BSOT01\"}, {\"Key\": \"resource_owner\", \"Value\": \"109bb604.brightsolid.com@emea.teams.ms\"}, {\"Key\": \"c7n:FindingId:eni-interface-with-invalid-customer\", \"Value\": \"eu-west-2/011072135518/b0f2008d0d8a08496eb3492d33b2e91e/394232414b6f370a400811dc5de0ac76:2020-09-10T15:55:13.499443+00:00\"}]}'),
(1174, 'eni-090ea3f15462a487', 1, 6, 'Martyn Windows Test ', '2022-09-08 13:45:03', '{\"Attachment\": {\"AttachTime\": \"2022-01-31T15:58:29+00:00\", \"AttachmentId\": \"eni-attach-01b8e087f121d2ea5\", \"DeleteOnTermination\": true, \"DeviceIndex\": 0, \"NetworkCardIndex\": 0, \"InstanceId\": \"i-0f4a552c42763a347\", \"InstanceOwnerId\": \"011072135518\", \"Status\": \"attached\"}, \"AvailabilityZone\": \"eu-west-2b\", \"Description\": \"Primary network interface\", \"Groups\": [{\"GroupName\": \"Martyn RDP\", \"GroupId\": \"sg-0529e50e2e3396542\"}, {\"GroupName\": \"RDPfromBSOL\", \"GroupId\": \"sg-065241df44b110e25\"}], \"InterfaceType\": \"interface\", \"Ipv6Addresses\": [], \"MacAddress\": \"0a:66:e2:54:a2:10\", \"NetworkInterfaceId\": \"eni-090ea3f15462a487c\", \"OwnerId\": \"011072135518\", \"PrivateDnsName\": \"ip-10-184-1-171.eu-west-2.compute.internal\", \"PrivateIpAddress\": \"10.184.1.171\", \"PrivateIpAddresses\": [{\"Primary\": true, \"PrivateDnsName\": \"ip-10-184-1-171.eu-west-2.compute.internal\", \"PrivateIpAddress\": \"10.184.1.171\"}], \"RequesterManaged\": false, \"SourceDestCheck\": true, \"Status\": \"in-use\", \"SubnetId\": \"subnet-05b18ff772fd0d5ab\", \"VpcId\": \"vpc-05da5d22d7bd6f8cf\", \"Tags\": [{\"Key\": \"Name\", \"Value\": \"Martyn Windows Test - Member Server\"}, {\"Key\": \"customer_code\", \"Value\": \"16BSOT01\"}, {\"Key\": \"project_code\", \"Value\": \"08-BSOT-931\"}, {\"Key\": \"resource_owner\", \"Value\": \"109bb604.brightsolid.com@emea.teams.ms\"}, {\"Key\": \"customer\", \"Value\": \"brightsolid\"}]}'),
(1175, 'eni-092687a0443fc5ae', 1, 6, 'eni-092687a0443fc5ae', '2022-09-08 13:45:03', '{\"Attachment\": {\"AttachTime\": \"2022-07-10T19:36:32+00:00\", \"AttachmentId\": \"eni-attach-02df81eaf05906ec8\", \"DeleteOnTermination\": true, \"DeviceIndex\": 0, \"NetworkCardIndex\": 0, \"InstanceId\": \"i-018bd0211080b237d\", \"InstanceOwnerId\": \"011072135518\", \"Status\": \"attached\"}, \"AvailabilityZone\": \"eu-west-2c\", \"Description\": \"\", \"Groups\": [{\"GroupName\": \"consul-instance-sg\", \"GroupId\": \"sg-0325b525a6a969d73\"}], \"InterfaceType\": \"interface\", \"Ipv6Addresses\": [], \"MacAddress\": \"02:3d:dc:80:e5:ce\", \"NetworkInterfaceId\": \"eni-092687a0443fc5ae0\", \"OwnerId\": \"011072135518\", \"PrivateDnsName\": \"ip-10-184-2-146.eu-west-2.compute.internal\", \"PrivateIpAddress\": \"10.184.2.146\", \"PrivateIpAddresses\": [{\"Primary\": true, \"PrivateDnsName\": \"ip-10-184-2-146.eu-west-2.compute.internal\", \"PrivateIpAddress\": \"10.184.2.146\"}], \"RequesterManaged\": false, \"SourceDestCheck\": true, \"Status\": \"in-use\", \"SubnetId\": \"subnet-037423a4d7e1bb05d\", \"VpcId\": \"vpc-05da5d22d7bd6f8cf\", \"Tags\": [{\"Key\": \"customer_code\", \"Value\": \"16BSOT01\"}, {\"Key\": \"resource_owner\", \"Value\": \"operations@brightsolid.com\"}, {\"Key\": \"customer\", \"Value\": \"brightsolid\"}, {\"Key\": \"project_code\", \"Value\": \"08-BSOT-931\"}]}'),
(1176, 'eni-075533838de93370', 1, 6, 'eni-075533838de93370', '2022-09-08 13:45:03', '{\"Attachment\": {\"AttachmentId\": \"ela-attach-06e658ab102972b13\", \"DeleteOnTermination\": false, \"DeviceIndex\": 1, \"InstanceOwnerId\": \"amazon-aws\", \"Status\": \"attached\"}, \"AvailabilityZone\": \"eu-west-2c\", \"Description\": \"EFS mount target for fs-5014f9a0 (fsmt-d37ee222)\", \"Groups\": [{\"GroupName\": \"efs2api-test-efs-sg\", \"GroupId\": \"sg-04cfe0b3ccbd55862\"}], \"InterfaceType\": \"interface\", \"Ipv6Addresses\": [], \"MacAddress\": \"02:bd:50:92:54:6e\", \"NetworkInterfaceId\": \"eni-075533838de933707\", \"OwnerId\": \"011072135518\", \"PrivateDnsName\": \"ip-10-184-2-20.eu-west-2.compute.internal\", \"PrivateIpAddress\": \"10.184.2.20\", \"PrivateIpAddresses\": [{\"Primary\": true, \"PrivateDnsName\": \"ip-10-184-2-20.eu-west-2.compute.internal\", \"PrivateIpAddress\": \"10.184.2.20\"}], \"RequesterId\": \"838331228873\", \"RequesterManaged\": true, \"SourceDestCheck\": true, \"Status\": \"in-use\", \"SubnetId\": \"subnet-037423a4d7e1bb05d\", \"VpcId\": \"vpc-05da5d22d7bd6f8cf\", \"Tags\": []}'),
(1177, 'eni-0267ceaa5c6f8395', 1, 6, 'DMZ ENI', '2022-09-08 13:45:03', '{\"Association\": {\"AllocationId\": \"eipalloc-059472f6e4710f0a2\", \"AssociationId\": \"eipassoc-09aab7ce369073eaf\", \"IpOwnerId\": \"011072135518\", \"PublicDnsName\": \"ec2-35-176-34-27.eu-west-2.compute.amazonaws.com\", \"PublicIp\": \"35.176.34.27\"}, \"Attachment\": {\"AttachTime\": \"2020-09-28T10:24:52+00:00\", \"AttachmentId\": \"eni-attach-0036d831d689804cc\", \"DeleteOnTermination\": false, \"DeviceIndex\": 0, \"NetworkCardIndex\": 0, \"InstanceId\": \"i-006d83e00aabe31d2\", \"InstanceOwnerId\": \"011072135518\", \"Status\": \"attached\"}, \"AvailabilityZone\": \"eu-west-2b\", \"Description\": \"\", \"Groups\": [{\"GroupName\": \"brightsolid Dev/Test-vpc01-dmz-sg\", \"GroupId\": \"sg-0080fcb93c1326095\"}], \"InterfaceType\": \"interface\", \"Ipv6Addresses\": [], \"MacAddress\": \"0a:ca:65:94:d4:28\", \"NetworkInterfaceId\": \"eni-0267ceaa5c6f83954\", \"OwnerId\": \"011072135518\", \"PrivateDnsName\": \"ip-10-184-5-75.eu-west-2.compute.internal\", \"PrivateIpAddress\": \"10.184.5.75\", \"PrivateIpAddresses\": [{\"Association\": {\"AllocationId\": \"eipalloc-059472f6e4710f0a2\", \"AssociationId\": \"eipassoc-09aab7ce369073eaf\", \"IpOwnerId\": \"011072135518\", \"PublicDnsName\": \"ec2-35-176-34-27.eu-west-2.compute.amazonaws.com\", \"PublicIp\": \"35.176.34.27\"}, \"Primary\": true, \"PrivateDnsName\": \"ip-10-184-5-75.eu-west-2.compute.internal\", \"PrivateIpAddress\": \"10.184.5.75\"}], \"RequesterId\": \"AROAQFE7TMFPKIO4GDNOA:1586342172883761892\", \"RequesterManaged\": false, \"SourceDestCheck\": false, \"Status\": \"in-use\", \"SubnetId\": \"subnet-02c4118ba19503058\", \"VpcId\": \"vpc-05da5d22d7bd6f8cf\", \"Tags\": [{\"Key\": \"Name\", \"Value\": \"DMZ ENI\"}, {\"Key\": \"project_code\", \"Value\": \"08-BSOT-931\"}, {\"Key\": \"customer_code\", \"Value\": \"16BSOT01\"}, {\"Key\": \"resource_owner\", \"Value\": \"109bb604.brightsolid.com@emea.teams.ms\"}, {\"Key\": \"foundation_managed\", \"Value\": \"true\"}, {\"Key\": \"customer\", \"Value\": \"brightsolid\"}]}'),
(1178, 'eni-0778226d4a8bc5d7', 1, 6, 'dh-dc1', '2022-09-08 13:45:03', '{\"Attachment\": {\"AttachTime\": \"2022-01-19T12:26:31+00:00\", \"AttachmentId\": \"eni-attach-047abd7db595c0a67\", \"DeleteOnTermination\": true, \"DeviceIndex\": 0, \"NetworkCardIndex\": 0, \"InstanceId\": \"i-0cbb8d2103731104b\", \"InstanceOwnerId\": \"011072135518\", \"Status\": \"attached\"}, \"AvailabilityZone\": \"eu-west-2a\", \"Description\": \"Primary network interface\", \"Groups\": [{\"GroupName\": \"RDPfromBSOL\", \"GroupId\": \"sg-065241df44b110e25\"}], \"InterfaceType\": \"interface\", \"Ipv6Addresses\": [], \"MacAddress\": \"06:c5:a2:29:6f:6c\", \"NetworkInterfaceId\": \"eni-0778226d4a8bc5d7a\", \"OwnerId\": \"011072135518\", \"PrivateDnsName\": \"ip-10-184-0-162.eu-west-2.compute.internal\", \"PrivateIpAddress\": \"10.184.0.162\", \"PrivateIpAddresses\": [{\"Primary\": true, \"PrivateDnsName\": \"ip-10-184-0-162.eu-west-2.compute.internal\", \"PrivateIpAddress\": \"10.184.0.162\"}], \"RequesterManaged\": false, \"SourceDestCheck\": true, \"Status\": \"in-use\", \"SubnetId\": \"subnet-0385927a7d61e8706\", \"VpcId\": \"vpc-05da5d22d7bd6f8cf\", \"Tags\": [{\"Key\": \"customer\", \"Value\": \"brightsolid\"}, {\"Key\": \"Name\", \"Value\": \"dh-dc1\"}, {\"Key\": \"customer_code\", \"Value\": \"16BSOT01\"}, {\"Key\": \"project_code\", \"Value\": \"08-BSOT-931\"}, {\"Key\": \"resource_owner\", \"Value\": \"109bb604.brightsolid.com@emea.teams.ms\"}]}'),
(1179, 'eni-050815700548dc69', 1, 6, 'eni-050815700548dc69', '2022-09-08 13:45:03', '{\"Attachment\": {\"AttachmentId\": \"ela-attach-037ca51d6cf732283\", \"DeleteOnTermination\": false, \"DeviceIndex\": 1, \"InstanceOwnerId\": \"amazon-aws\", \"Status\": \"attached\"}, \"AvailabilityZone\": \"eu-west-2a\", \"Description\": \"VPC Endpoint Interface vpce-0e56d685bd35f5634\", \"Groups\": [{\"GroupName\": \"TTTTESSSSSTTTT\", \"GroupId\": \"sg-00ef05e4239a70a10\"}], \"InterfaceType\": \"vpc_endpoint\", \"Ipv6Addresses\": [], \"MacAddress\": \"06:b2:36:81:85:54\", \"NetworkInterfaceId\": \"eni-050815700548dc69c\", \"OwnerId\": \"011072135518\", \"PrivateDnsName\": \"ip-10-184-0-65.eu-west-2.compute.internal\", \"PrivateIpAddress\": \"10.184.0.65\", \"PrivateIpAddresses\": [{\"Primary\": true, \"PrivateDnsName\": \"ip-10-184-0-65.eu-west-2.compute.internal\", \"PrivateIpAddress\": \"10.184.0.65\"}], \"RequesterId\": \"727180483921\", \"RequesterManaged\": true, \"SourceDestCheck\": true, \"Status\": \"in-use\", \"SubnetId\": \"subnet-0385927a7d61e8706\", \"VpcId\": \"vpc-05da5d22d7bd6f8cf\", \"Tags\": []}'),
(1180, 'eni-0cc091ed6a819490', 1, 6, 'eni-0cc091ed6a819490', '2022-09-08 13:45:03', '{\"Attachment\": {\"AttachTime\": \"2021-03-31T18:46:40+00:00\", \"AttachmentId\": \"eni-attach-01a275f0a65c70b16\", \"DeleteOnTermination\": true, \"DeviceIndex\": 0, \"NetworkCardIndex\": 0, \"InstanceId\": \"i-08a220f9238167574\", \"InstanceOwnerId\": \"011072135518\", \"Status\": \"attached\"}, \"AvailabilityZone\": \"eu-west-2b\", \"Description\": \"\", \"Groups\": [{\"GroupName\": \"vault-instance-sg\", \"GroupId\": \"sg-008f48ac5922b195d\"}, {\"GroupName\": \"consul-instance-sg\", \"GroupId\": \"sg-0325b525a6a969d73\"}], \"InterfaceType\": \"interface\", \"Ipv6Addresses\": [], \"MacAddress\": \"0a:ef:b0:c0:22:cc\", \"NetworkInterfaceId\": \"eni-0cc091ed6a819490b\", \"OwnerId\": \"011072135518\", \"PrivateDnsName\": \"ip-10-184-1-7.eu-west-2.compute.internal\", \"PrivateIpAddress\": \"10.184.1.7\", \"PrivateIpAddresses\": [{\"Primary\": true, \"PrivateDnsName\": \"ip-10-184-1-7.eu-west-2.compute.internal\", \"PrivateIpAddress\": \"10.184.1.7\"}], \"RequesterManaged\": false, \"SourceDestCheck\": true, \"Status\": \"in-use\", \"SubnetId\": \"subnet-05b18ff772fd0d5ab\", \"VpcId\": \"vpc-05da5d22d7bd6f8cf\", \"Tags\": [{\"Key\": \"customer\", \"Value\": \"brightsolid\"}, {\"Key\": \"customer_code\", \"Value\": \"16BSOT01\"}, {\"Key\": \"resource_owner\", \"Value\": \"operations@brightsolid.com\"}, {\"Key\": \"project_code\", \"Value\": \"08-BSOT-931\"}]}'),
(1181, 'eni-06a519e8f978a385', 1, 6, 'eni-06a519e8f978a385', '2022-09-08 13:45:03', '{\"Attachment\": {\"AttachmentId\": \"ela-attach-084fd1ba18b93216b\", \"DeleteOnTermination\": false, \"DeviceIndex\": 1, \"InstanceOwnerId\": \"amazon-aws\", \"Status\": \"attached\"}, \"AvailabilityZone\": \"eu-west-2b\", \"Description\": \"EFS mount target for fs-5014f9a0 (fsmt-d17ee220)\", \"Groups\": [{\"GroupName\": \"efs2api-test-efs-sg\", \"GroupId\": \"sg-04cfe0b3ccbd55862\"}], \"InterfaceType\": \"interface\", \"Ipv6Addresses\": [], \"MacAddress\": \"0a:6f:a1:60:bd:dc\", \"NetworkInterfaceId\": \"eni-06a519e8f978a3851\", \"OwnerId\": \"011072135518\", \"PrivateDnsName\": \"ip-10-184-1-184.eu-west-2.compute.internal\", \"PrivateIpAddress\": \"10.184.1.184\", \"PrivateIpAddresses\": [{\"Primary\": true, \"PrivateDnsName\": \"ip-10-184-1-184.eu-west-2.compute.internal\", \"PrivateIpAddress\": \"10.184.1.184\"}], \"RequesterId\": \"838331228873\", \"RequesterManaged\": true, \"SourceDestCheck\": true, \"Status\": \"in-use\", \"SubnetId\": \"subnet-05b18ff772fd0d5ab\", \"VpcId\": \"vpc-05da5d22d7bd6f8cf\", \"Tags\": []}'),
(1182, 'eni-0f380c67b14b459a', 1, 6, 'eni-0f380c67b14b459a', '2022-09-08 13:45:03', '{\"Attachment\": {\"AttachTime\": \"2022-06-01T13:17:33+00:00\", \"AttachmentId\": \"eni-attach-0f6c90f8ab316cc1b\", \"DeleteOnTermination\": true, \"DeviceIndex\": 0, \"NetworkCardIndex\": 0, \"InstanceId\": \"i-0910faa3ec99dc39a\", \"InstanceOwnerId\": \"011072135518\", \"Status\": \"attached\"}, \"AvailabilityZone\": \"eu-west-2b\", \"Description\": \"\", \"Groups\": [{\"GroupName\": \"launch-wizard-13\", \"GroupId\": \"sg-07c328b8ce4c8709e\"}, {\"GroupName\": \"brightsolid Dev/Test-vpc01-nat-egress-allowed\", \"GroupId\": \"sg-097b43b999d9a174f\"}], \"InterfaceType\": \"interface\", \"Ipv6Addresses\": [], \"MacAddress\": \"0a:a3:a4:8e:4c:08\", \"NetworkInterfaceId\": \"eni-0f380c67b14b459a0\", \"OwnerId\": \"011072135518\", \"PrivateDnsName\": \"ip-10-184-1-87.eu-west-2.compute.internal\", \"PrivateIpAddress\": \"10.184.1.87\", \"PrivateIpAddresses\": [{\"Primary\": true, \"PrivateDnsName\": \"ip-10-184-1-87.eu-west-2.compute.internal\", \"PrivateIpAddress\": \"10.184.1.87\"}], \"RequesterManaged\": false, \"SourceDestCheck\": true, \"Status\": \"in-use\", \"SubnetId\": \"subnet-05b18ff772fd0d5ab\", \"VpcId\": \"vpc-05da5d22d7bd6f8cf\", \"Tags\": [{\"Key\": \"project_code\", \"Value\": \"08-BSOT-931\"}, {\"Key\": \"customer_code\", \"Value\": \"16BSOT01\"}, {\"Key\": \"resource_owner\", \"Value\": \"109bb604.brightsolid.com@emea.teams.ms\"}, {\"Key\": \"customer\", \"Value\": \"brightsolid\"}]}'),
(1183, 'eni-08e0af5fbc818628', 1, 6, 'MLP', '2022-09-08 13:45:03', '{\"Attachment\": {\"AttachTime\": \"2022-01-31T21:18:18+00:00\", \"AttachmentId\": \"eni-attach-0c231a1a1893c6c6e\", \"DeleteOnTermination\": true, \"DeviceIndex\": 0, \"NetworkCardIndex\": 0, \"InstanceId\": \"i-0d10914a605a86389\", \"InstanceOwnerId\": \"011072135518\", \"Status\": \"attached\"}, \"AvailabilityZone\": \"eu-west-2b\", \"Description\": \"Primary network interface\", \"Groups\": [{\"GroupName\": \"Martyn RDP\", \"GroupId\": \"sg-0529e50e2e3396542\"}, {\"GroupName\": \"RDPfromBSOL\", \"GroupId\": \"sg-065241df44b110e25\"}], \"InterfaceType\": \"interface\", \"Ipv6Addresses\": [], \"MacAddress\": \"0a:a9:c1:5e:02:a6\", \"NetworkInterfaceId\": \"eni-08e0af5fbc8186287\", \"OwnerId\": \"011072135518\", \"PrivateDnsName\": \"ip-10-184-1-95.eu-west-2.compute.internal\", \"PrivateIpAddress\": \"10.184.1.95\", \"PrivateIpAddresses\": [{\"Primary\": true, \"PrivateDnsName\": \"ip-10-184-1-95.eu-west-2.compute.internal\", \"PrivateIpAddress\": \"10.184.1.95\"}], \"RequesterManaged\": false, \"SourceDestCheck\": true, \"Status\": \"in-use\", \"SubnetId\": \"subnet-05b18ff772fd0d5ab\", \"VpcId\": \"vpc-05da5d22d7bd6f8cf\", \"Tags\": [{\"Key\": \"resource_owner\", \"Value\": \"109bb604.brightsolid.com@emea.teams.ms\"}, {\"Key\": \"customer_code\", \"Value\": \"16BSOT01\"}, {\"Key\": \"project_code\", \"Value\": \"08-BSOT-931\"}, {\"Key\": \"Name\", \"Value\": \"MLP\"}, {\"Key\": \"customer\", \"Value\": \"brightsolid\"}]}'),
(1184, 'eni-049465dba8337b09', 1, 6, 'eni-049465dba8337b09', '2022-09-08 13:45:03', '{\"Attachment\": {\"AttachmentId\": \"ela-attach-0ff21c478e6ceff86\", \"DeleteOnTermination\": false, \"DeviceIndex\": 1, \"InstanceOwnerId\": \"amazon-aws\", \"Status\": \"attached\"}, \"AvailabilityZone\": \"eu-west-2b\", \"Description\": \"VPC Endpoint Interface vpce-0e56d685bd35f5634\", \"Groups\": [{\"GroupName\": \"TTTTESSSSSTTTT\", \"GroupId\": \"sg-00ef05e4239a70a10\"}], \"InterfaceType\": \"vpc_endpoint\", \"Ipv6Addresses\": [], \"MacAddress\": \"0a:9c:27:b9:24:60\", \"NetworkInterfaceId\": \"eni-049465dba8337b093\", \"OwnerId\": \"011072135518\", \"PrivateDnsName\": \"ip-10-184-1-130.eu-west-2.compute.internal\", \"PrivateIpAddress\": \"10.184.1.130\", \"PrivateIpAddresses\": [{\"Primary\": true, \"PrivateDnsName\": \"ip-10-184-1-130.eu-west-2.compute.internal\", \"PrivateIpAddress\": \"10.184.1.130\"}], \"RequesterId\": \"727180483921\", \"RequesterManaged\": true, \"SourceDestCheck\": true, \"Status\": \"in-use\", \"SubnetId\": \"subnet-05b18ff772fd0d5ab\", \"VpcId\": \"vpc-05da5d22d7bd6f8cf\", \"Tags\": []}'),
(1185, 'eni-0a65b1737d98a74b', 1, 6, 'bp-inspec-test', '2022-09-08 13:45:03', '{\"Attachment\": {\"AttachTime\": \"2022-02-23T14:06:43+00:00\", \"AttachmentId\": \"eni-attach-0a3664a749e8a39ef\", \"DeleteOnTermination\": true, \"DeviceIndex\": 0, \"NetworkCardIndex\": 0, \"InstanceId\": \"i-035d70a9b8a87b517\", \"InstanceOwnerId\": \"011072135518\", \"Status\": \"attached\"}, \"AvailabilityZone\": \"eu-west-2a\", \"Description\": \"Primary network interface\", \"Groups\": [{\"GroupName\": \"barry-route-test\", \"GroupId\": \"sg-027845016a20c0336\"}], \"InterfaceType\": \"interface\", \"Ipv6Addresses\": [], \"MacAddress\": \"06:30:c6:29:62:9c\", \"NetworkInterfaceId\": \"eni-0a65b1737d98a74b8\", \"OwnerId\": \"011072135518\", \"PrivateDnsName\": \"ip-10-184-0-14.eu-west-2.compute.internal\", \"PrivateIpAddress\": \"10.184.0.14\", \"PrivateIpAddresses\": [{\"Primary\": true, \"PrivateDnsName\": \"ip-10-184-0-14.eu-west-2.compute.internal\", \"PrivateIpAddress\": \"10.184.0.14\"}], \"RequesterManaged\": false, \"SourceDestCheck\": true, \"Status\": \"in-use\", \"SubnetId\": \"subnet-0385927a7d61e8706\", \"VpcId\": \"vpc-05da5d22d7bd6f8cf\", \"Tags\": [{\"Key\": \"Name\", \"Value\": \"bp-inspec-test\"}, {\"Key\": \"customer_code\", \"Value\": \"16BSOT01\"}, {\"Key\": \"project_code\", \"Value\": \"08-BSOT-931\"}, {\"Key\": \"resource_owner\", \"Value\": \"109bb604.brightsolid.com@emea.teams.ms\"}, {\"Key\": \"customer\", \"Value\": \"brightsolid\"}]}'),
(1186, 'eni-07452a19b944bb2f', 1, 6, 'eni-07452a19b944bb2f', '2022-09-08 13:45:03', '{\"Attachment\": {\"AttachTime\": \"2022-07-10T17:49:51+00:00\", \"AttachmentId\": \"eni-attach-09ef4c123d02aea1a\", \"DeleteOnTermination\": true, \"DeviceIndex\": 0, \"NetworkCardIndex\": 0, \"InstanceId\": \"i-0a7f0da0406dde702\", \"InstanceOwnerId\": \"011072135518\", \"Status\": \"attached\"}, \"AvailabilityZone\": \"eu-west-2a\", \"Description\": \"\", \"Groups\": [{\"GroupName\": \"vault-instance-sg\", \"GroupId\": \"sg-008f48ac5922b195d\"}, {\"GroupName\": \"consul-instance-sg\", \"GroupId\": \"sg-0325b525a6a969d73\"}], \"InterfaceType\": \"interface\", \"Ipv6Addresses\": [], \"MacAddress\": \"06:82:51:10:b4:02\", \"NetworkInterfaceId\": \"eni-07452a19b944bb2fe\", \"OwnerId\": \"011072135518\", \"PrivateDnsName\": \"ip-10-184-0-124.eu-west-2.compute.internal\", \"PrivateIpAddress\": \"10.184.0.124\", \"PrivateIpAddresses\": [{\"Primary\": true, \"PrivateDnsName\": \"ip-10-184-0-124.eu-west-2.compute.internal\", \"PrivateIpAddress\": \"10.184.0.124\"}], \"RequesterManaged\": false, \"SourceDestCheck\": true, \"Status\": \"in-use\", \"SubnetId\": \"subnet-0385927a7d61e8706\", \"VpcId\": \"vpc-05da5d22d7bd6f8cf\", \"Tags\": [{\"Key\": \"resource_owner\", \"Value\": \"operations@brightsolid.com\"}, {\"Key\": \"customer\", \"Value\": \"brightsolid\"}, {\"Key\": \"project_code\", \"Value\": \"08-BSOT-931\"}, {\"Key\": \"customer_code\", \"Value\": \"16BSOT01\"}]}'),
(1187, 'eni-024f563a76a1ca1e', 1, 6, 'eni-024f563a76a1ca1e', '2022-09-08 13:45:03', '{\"Attachment\": {\"AttachmentId\": \"ela-attach-0a04946701d654afc\", \"DeleteOnTermination\": false, \"DeviceIndex\": 1, \"InstanceOwnerId\": \"amazon-aws\", \"Status\": \"attached\"}, \"AvailabilityZone\": \"eu-west-2a\", \"Description\": \"EFS mount target for fs-0f41cf03bee996d6f (fsmt-0936772092e1e15dc)\", \"Groups\": [{\"GroupName\": \"SshFromBSOL\", \"GroupId\": \"sg-08b1976b89cb9c6d8\"}], \"InterfaceType\": \"interface\", \"Ipv6Addresses\": [], \"MacAddress\": \"06:8e:12:6e:04:10\", \"NetworkInterfaceId\": \"eni-024f563a76a1ca1e7\", \"OwnerId\": \"011072135518\", \"PrivateDnsName\": \"ip-10-184-0-120.eu-west-2.compute.internal\", \"PrivateIpAddress\": \"10.184.0.120\", \"PrivateIpAddresses\": [{\"Primary\": true, \"PrivateDnsName\": \"ip-10-184-0-120.eu-west-2.compute.internal\", \"PrivateIpAddress\": \"10.184.0.120\"}], \"RequesterId\": \"838331228873\", \"RequesterManaged\": true, \"SourceDestCheck\": true, \"Status\": \"in-use\", \"SubnetId\": \"subnet-0385927a7d61e8706\", \"VpcId\": \"vpc-05da5d22d7bd6f8cf\", \"Tags\": []}'),
(1188, 'eni-067f2df822c20999', 1, 6, 'eni-067f2df822c20999', '2022-09-08 13:45:03', '{\"Attachment\": {\"AttachmentId\": \"ela-attach-0e8b4946eb4b3e00a\", \"DeleteOnTermination\": false, \"DeviceIndex\": 1, \"InstanceOwnerId\": \"amazon-aws\", \"Status\": \"attached\"}, \"AvailabilityZone\": \"eu-west-2b\", \"Description\": \"VPC Endpoint Interface vpce-051be4304c39c851f\", \"Groups\": [{\"GroupName\": \"TTTTESSSSSTTTT\", \"GroupId\": \"sg-00ef05e4239a70a10\"}], \"InterfaceType\": \"vpc_endpoint\", \"Ipv6Addresses\": [], \"MacAddress\": \"0a:52:9f:06:f1:dc\", \"NetworkInterfaceId\": \"eni-067f2df822c209992\", \"OwnerId\": \"011072135518\", \"PrivateDnsName\": \"ip-10-184-1-172.eu-west-2.compute.internal\", \"PrivateIpAddress\": \"10.184.1.172\", \"PrivateIpAddresses\": [{\"Primary\": true, \"PrivateDnsName\": \"ip-10-184-1-172.eu-west-2.compute.internal\", \"PrivateIpAddress\": \"10.184.1.172\"}], \"RequesterId\": \"727180483921\", \"RequesterManaged\": true, \"SourceDestCheck\": true, \"Status\": \"in-use\", \"SubnetId\": \"subnet-05b18ff772fd0d5ab\", \"VpcId\": \"vpc-05da5d22d7bd6f8cf\", \"Tags\": []}'),
(1189, 'eni-079efc6eccb103d8', 1, 6, 'eni-079efc6eccb103d8', '2022-09-08 13:45:03', '{\"Attachment\": {\"AttachmentId\": \"ela-attach-0ab567ecfd5f98799\", \"DeleteOnTermination\": false, \"DeviceIndex\": 1, \"InstanceOwnerId\": \"amazon-aws\", \"Status\": \"attached\"}, \"AvailabilityZone\": \"eu-west-2a\", \"Description\": \"VPC Endpoint Interface vpce-051be4304c39c851f\", \"Groups\": [{\"GroupName\": \"TTTTESSSSSTTTT\", \"GroupId\": \"sg-00ef05e4239a70a10\"}], \"InterfaceType\": \"vpc_endpoint\", \"Ipv6Addresses\": [], \"MacAddress\": \"06:f7:8a:3b:3a:6e\", \"NetworkInterfaceId\": \"eni-079efc6eccb103d88\", \"OwnerId\": \"011072135518\", \"PrivateDnsName\": \"ip-10-184-0-38.eu-west-2.compute.internal\", \"PrivateIpAddress\": \"10.184.0.38\", \"PrivateIpAddresses\": [{\"Primary\": true, \"PrivateDnsName\": \"ip-10-184-0-38.eu-west-2.compute.internal\", \"PrivateIpAddress\": \"10.184.0.38\"}], \"RequesterId\": \"727180483921\", \"RequesterManaged\": true, \"SourceDestCheck\": true, \"Status\": \"in-use\", \"SubnetId\": \"subnet-0385927a7d61e8706\", \"VpcId\": \"vpc-05da5d22d7bd6f8cf\", \"Tags\": []}'),
(1190, 'eni-03eae416ef3b302b', 1, 6, 'eni-03eae416ef3b302b', '2022-09-08 13:45:03', '{\"Attachment\": {\"AttachTime\": \"2022-08-31T08:21:43+00:00\", \"AttachmentId\": \"eni-attach-0e2ce9e7b32c16b93\", \"DeleteOnTermination\": false, \"DeviceIndex\": 1, \"NetworkCardIndex\": 0, \"InstanceOwnerId\": \"amazon-elb\", \"Status\": \"attached\"}, \"AvailabilityZone\": \"eu-west-2b\", \"Description\": \"ELB app/consul-lb/84cc7f3969b5117f\", \"Groups\": [{\"GroupName\": \"consul-alb-sg\", \"GroupId\": \"sg-0b3056e6cd104b88d\"}], \"InterfaceType\": \"interface\", \"Ipv6Addresses\": [], \"MacAddress\": \"0a:bc:e0:64:4b:82\", \"NetworkInterfaceId\": \"eni-03eae416ef3b302b1\", \"OwnerId\": \"011072135518\", \"PrivateDnsName\": \"ip-10-184-1-8.eu-west-2.compute.internal\", \"PrivateIpAddress\": \"10.184.1.8\", \"PrivateIpAddresses\": [{\"Primary\": true, \"PrivateDnsName\": \"ip-10-184-1-8.eu-west-2.compute.internal\", \"PrivateIpAddress\": \"10.184.1.8\"}], \"RequesterId\": \"amazon-elb\", \"RequesterManaged\": true, \"SourceDestCheck\": true, \"Status\": \"in-use\", \"SubnetId\": \"subnet-05b18ff772fd0d5ab\", \"VpcId\": \"vpc-05da5d22d7bd6f8cf\", \"Tags\": []}'),
(1191, 'arn:aws:lambda:eu-we', 1, 7, 'arn:aws:lambda:eu-we', '2022-09-08 13:47:00', '{\"FunctionName\": \"custodian-ebs-detect-volumes-with-invalid-customer-code\", \"FunctionArn\": \"arn:aws:lambda:eu-west-2:011072135518:function:custodian-ebs-detect-volumes-with-invalid-customer-code\", \"Runtime\": \"python3.9\", \"Role\": \"arn:aws:iam::011072135518:role/Custodian-PROTECTED\", \"Handler\": \"custodian_policy.run\", \"CodeSize\": 514572, \"Description\": \"cloud-custodian lambda policy\", \"Timeout\": 900, \"MemorySize\": 512, \"LastModified\": \"2022-09-07T11:59:47.000+0000\", \"CodeSha256\": \"0WVRzI3unpy1SlOQ3SRdk+7Yh5g4/W5vljFgRZTlrDc=\", \"Version\": \"$LATEST\", \"VpcConfig\": {\"SubnetIds\": [], \"SecurityGroupIds\": [], \"VpcId\": \"\"}, \"TracingConfig\": {\"Mode\": \"PassThrough\"}, \"RevisionId\": \"7d098c7d-20eb-4998-9af4-7ddc233d10df\", \"PackageType\": \"Zip\", \"Architectures\": [\"x86_64\"], \"EphemeralStorage\": {\"Size\": 512}, \"Tags\": [{\"Key\": \"resource_owner\", \"Value\": \"operations@brightsolid.com\"}, {\"Key\": \"foundation_managed\", \"Value\": \"true\"}, {\"Key\": \"project_code\", \"Value\": \"08-BSOT-931\"}, {\"Key\": \"custodian-info\", \"Value\": \"mode=cloudtrail:version=0.9.18\"}, {\"Key\": \"customer_code\", \"Value\": \"16BSOT01\"}, {\"Key\": \"customer\", \"Value\": \"brightsolid\"}]}'),
(1192, 'arn:aws:lambda:eu-we', 1, 7, 'arn:aws:lambda:eu-we', '2022-09-08 13:47:00', '{\"FunctionName\": \"custodian-ec2-detect-instances-with-invalid-customer\", \"FunctionArn\": \"arn:aws:lambda:eu-west-2:011072135518:function:custodian-ec2-detect-instances-with-invalid-customer\", \"Runtime\": \"python3.9\", \"Role\": \"arn:aws:iam::011072135518:role/Custodian-PROTECTED\", \"Handler\": \"custodian_policy.run\", \"CodeSize\": 514731, \"Description\": \"cloud-custodian lambda policy\", \"Timeout\": 900, \"MemorySize\": 512, \"LastModified\": \"2022-09-07T12:05:30.000+0000\", \"CodeSha256\": \"PtR4pF34eYw/nvZl1r/rjejbHd5c6M0fFCycJE7cIpM=\", \"Version\": \"$LATEST\", \"VpcConfig\": {\"SubnetIds\": [], \"SecurityGroupIds\": [], \"VpcId\": \"\"}, \"TracingConfig\": {\"Mode\": \"PassThrough\"}, \"RevisionId\": \"707ae243-6164-478d-95a5-c90c66fb1275\", \"PackageType\": \"Zip\", \"Architectures\": [\"x86_64\"], \"EphemeralStorage\": {\"Size\": 512}, \"Tags\": [{\"Key\": \"resource_owner\", \"Value\": \"operations@brightsolid.com\"}, {\"Key\": \"foundation_managed\", \"Value\": \"true\"}, {\"Key\": \"project_code\", \"Value\": \"08-BSOT-931\"}, {\"Key\": \"custodian-info\", \"Value\": \"mode=cloudtrail:version=0.9.18\"}, {\"Key\": \"customer_code\", \"Value\": \"16BSOT01\"}, {\"Key\": \"customer\", \"Value\": \"brightsolid\"}]}'),
(1193, 'arn:aws:lambda:eu-we', 1, 7, 'arn:aws:lambda:eu-we', '2022-09-08 13:47:00', '{\"FunctionName\": \"custodian-eni-detect-interfaces-with-invalid-customer-code-user\", \"FunctionArn\": \"arn:aws:lambda:eu-west-2:011072135518:function:custodian-eni-detect-interfaces-with-invalid-customer-code-user\", \"Runtime\": \"python3.9\", \"Role\": \"arn:aws:iam::011072135518:role/Custodian-PROTECTED\", \"Handler\": \"custodian_policy.run\", \"CodeSize\": 514579, \"Description\": \"cloud-custodian lambda policy\", \"Timeout\": 900, \"MemorySize\": 512, \"LastModified\": \"2022-09-07T12:06:43.000+0000\", \"CodeSha256\": \"moByV5bLB2PAaukmNMm4INYVKzqg7az5y1Q/vP+Gx6E=\", \"Version\": \"$LATEST\", \"VpcConfig\": {\"SubnetIds\": [], \"SecurityGroupIds\": [], \"VpcId\": \"\"}, \"TracingConfig\": {\"Mode\": \"PassThrough\"}, \"RevisionId\": \"3b2d85d0-da89-4815-9fbb-9b1d285a1a0d\", \"PackageType\": \"Zip\", \"Architectures\": [\"x86_64\"], \"EphemeralStorage\": {\"Size\": 512}, \"Tags\": [{\"Key\": \"resource_owner\", \"Value\": \"operations@brightsolid.com\"}, {\"Key\": \"foundation_managed\", \"Value\": \"true\"}, {\"Key\": \"project_code\", \"Value\": \"08-BSOT-931\"}, {\"Key\": \"custodian-info\", \"Value\": \"mode=cloudtrail:version=0.9.18\"}, {\"Key\": \"customer_code\", \"Value\": \"16BSOT01\"}, {\"Key\": \"customer\", \"Value\": \"brightsolid\"}]}'),
(1194, 'arn:aws:lambda:eu-we', 1, 7, 'arn:aws:lambda:eu-we', '2022-09-08 13:47:00', '{\"FunctionName\": \"custodian-ebs-detect-volumes-with-invalid-project-code\", \"FunctionArn\": \"arn:aws:lambda:eu-west-2:011072135518:function:custodian-ebs-detect-volumes-with-invalid-project-code\", \"Runtime\": \"python3.9\", \"Role\": \"arn:aws:iam::011072135518:role/Custodian-PROTECTED\", \"Handler\": \"custodian_policy.run\", \"CodeSize\": 514570, \"Description\": \"cloud-custodian lambda policy\", \"Timeout\": 900, \"MemorySize\": 512, \"LastModified\": \"2022-09-07T12:00:06.000+0000\", \"CodeSha256\": \"5Y4F59ktWyateLLSOQlhMUUXePZB44X0biZQIwlKpwA=\", \"Version\": \"$LATEST\", \"VpcConfig\": {\"SubnetIds\": [], \"SecurityGroupIds\": [], \"VpcId\": \"\"}, \"TracingConfig\": {\"Mode\": \"PassThrough\"}, \"RevisionId\": \"4a3a33c2-ab6c-4f72-a7e7-a34d3cbf8392\", \"PackageType\": \"Zip\", \"Architectures\": [\"x86_64\"], \"EphemeralStorage\": {\"Size\": 512}, \"Tags\": [{\"Key\": \"resource_owner\", \"Value\": \"operations@brightsolid.com\"}, {\"Key\": \"foundation_managed\", \"Value\": \"true\"}, {\"Key\": \"project_code\", \"Value\": \"08-BSOT-931\"}, {\"Key\": \"custodian-info\", \"Value\": \"mode=cloudtrail:version=0.9.18\"}, {\"Key\": \"customer_code\", \"Value\": \"16BSOT01\"}, {\"Key\": \"customer\", \"Value\": \"brightsolid\"}]}'),
(1195, 'arn:aws:lambda:eu-we', 1, 7, 'arn:aws:lambda:eu-we', '2022-09-08 13:47:00', '{\"FunctionName\": \"custodian-s3-detect-buckets-with-invalid-customer\", \"FunctionArn\": \"arn:aws:lambda:eu-west-2:011072135518:function:custodian-s3-detect-buckets-with-invalid-customer\", \"Runtime\": \"python3.9\", \"Role\": \"arn:aws:iam::011072135518:role/Custodian-PROTECTED\", \"Handler\": \"custodian_policy.run\", \"CodeSize\": 514727, \"Description\": \"cloud-custodian lambda policy\", \"Timeout\": 900, \"MemorySize\": 512, \"LastModified\": \"2022-09-07T12:01:54.000+0000\", \"CodeSha256\": \"Z/iRz16jtbog5xj8lz/nqWHtGaaUMj7oBQ7h4HPvXkY=\", \"Version\": \"$LATEST\", \"VpcConfig\": {\"SubnetIds\": [], \"SecurityGroupIds\": [], \"VpcId\": \"\"}, \"TracingConfig\": {\"Mode\": \"PassThrough\"}, \"RevisionId\": \"3b27eda0-1aed-4c10-b272-137be3b00c6d\", \"PackageType\": \"Zip\", \"Architectures\": [\"x86_64\"], \"EphemeralStorage\": {\"Size\": 512}, \"Tags\": [{\"Key\": \"resource_owner\", \"Value\": \"operations@brightsolid.com\"}, {\"Key\": \"foundation_managed\", \"Value\": \"true\"}, {\"Key\": \"project_code\", \"Value\": \"08-BSOT-931\"}, {\"Key\": \"custodian-info\", \"Value\": \"mode=cloudtrail:version=0.9.18\"}, {\"Key\": \"customer_code\", \"Value\": \"16BSOT01\"}, {\"Key\": \"customer\", \"Value\": \"brightsolid\"}]}'),
(1321, 'bs-quorum-dropbox', 1, 12, 'bs-quorum-dropbox', '2022-09-08 14:27:22', '{\"Name\": \"bs-quorum-dropbox\", \"CreationDate\": \"2021-07-02T22:06:12+00:00\", \"Location\": {\"LocationConstraint\": \"eu-west-2\"}, \"Tags\": [{\"Key\": \"resource_owner\", \"Value\": \"109bb604.brightsolid.com@emea.teams.ms\"}, {\"Key\": \"project_code\", \"Value\": \"08-BSOT-931\"}, {\"Key\": \"customer_code\", \"Value\": \"16BSOT01\"}, {\"Key\": \"customer\", \"Value\": \"brightsolid\"}], \"Policy\": null, \"Acl\": {\"Owner\": {\"ID\": \"b6acdbfd07d7f2c62c701d830d17ab463a41bc23916b56284059565ac8f7c1f2\"}, \"Grants\": [{\"Grantee\": {\"ID\": \"b6acdbfd07d7f2c62c701d830d17ab463a41bc23916b56284059565ac8f7c1f2\", \"Type\": \"CanonicalUser\"}, \"Permission\": \"FULL_CONTROL\"}]}, \"Replication\": null, \"Versioning\": {}, \"Website\": null, \"Logging\": {}, \"Notification\": {}, \"Lifecycle\": null, \"c7n:bucket-encryption\": {}}'),
(1328, 'bsol-dev-tf-remotest', 1, 12, 'bsol-dev Terraform R', '2022-09-08 14:27:22', '{\"Name\": \"bsol-dev-tf-remotestate\", \"CreationDate\": \"2020-02-12T12:43:43+00:00\", \"Location\": {\"LocationConstraint\": \"eu-west-2\"}, \"Tags\": [{\"Key\": \"Name\", \"Value\": \"bsol-dev Terraform Remote State Bucket\"}], \"Policy\": null, \"Acl\": {\"Owner\": {\"ID\": \"b6acdbfd07d7f2c62c701d830d17ab463a41bc23916b56284059565ac8f7c1f2\"}, \"Grants\": [{\"Grantee\": {\"ID\": \"b6acdbfd07d7f2c62c701d830d17ab463a41bc23916b56284059565ac8f7c1f2\", \"Type\": \"CanonicalUser\"}, \"Permission\": \"FULL_CONTROL\"}]}, \"Replication\": null, \"Versioning\": {\"Status\": \"Enabled\", \"MFADelete\": \"Disabled\"}, \"Website\": null, \"Logging\": {}, \"Notification\": {}, \"Lifecycle\": null, \"c7n:PublicAccessBlock\": {\"BlockPublicPolicy\": false, \"BlockPublicAcls\": false, \"IgnorePublicAcls\": false, \"RestrictPublicBuckets\": false}}');

-- --------------------------------------------------------

--
-- Table structure for table `resource_type`
--

CREATE TABLE `resource_type` (
  `resource_type_id` int(11) NOT NULL,
  `resource_type_name` varchar(20) NOT NULL,
  `platform_id` int(11) NOT NULL
) ENGINE=InnoDB DEFAULT CHARSET=utf8mb4;

--
-- Dumping data for table `resource_type`
--

INSERT INTO `resource_type` (`resource_type_id`, `resource_type_name`, `platform_id`) VALUES
(1, 'ec2', 2),
(2, 'ebs', 2),
(3, 'asg', 2),
(4, 'efs', 2),
(5, 'app-elb', 2),
(6, 'eni', 2),
(7, 'lambda', 2),
(10, 'rds', 2),
(11, 'elb', 2),
(12, 's3', 2);

-- --------------------------------------------------------

--
-- Table structure for table `rule`
--

CREATE TABLE `rule` (
  `rule_id` int(11) NOT NULL,
  `rule_name` varchar(20) NOT NULL,
  `resource_type_id` int(11) NOT NULL,
  `rule_description` varchar(300) NOT NULL
) ENGINE=InnoDB DEFAULT CHARSET=utf8mb4;

--
-- Dumping data for table `rule`
--

INSERT INTO `rule` (`rule_id`, `rule_name`, `resource_type_id`, `rule_description`) VALUES
(1, 'ebs-detect-unencrypt', 2, 'If a developer creates an AWS EC2 Instance and the AWS EBS storage volume(s) attached to the instance are not encrypted then the the developer and compliance team are notified.'),
(2, 's3-detect-unauthoris', 12, 'If a developer creates or updates AWS S3 Bucket to make it publically visible to anyone on the internet, then automatically change the S3 Bucket configuration to make it private and the developer and compliance team are notified.'),
(3, 'ec2-detect-unauthori', 1, 'If a developer creates an AWS EC2 Instance and attaches the instance to a public subnet (e.g. a subnet which is addressable to/from the internet) then the AWS EC2 instance is automatically terminated and the developer and compliance team are notified'),
(4, 's3-detect-unencrypte', 12, 'If a developer creates or updates AWS S3 Bucket and sets the default encryption to unencrypted, then automatically change the S3 Bucket configuration to make the encryption default use the default S3 encryption key, and the developer and compliance team are notified.'),
(5, 'efs-detect-unencrypt', 4, 'If a developer creates or updates an EFS Volume and sets the encryption setting to unencrypted, the developer and compliance team are notified.'),
(6, 'rds-detect-unauthori', 10, 'If a developer creates an AWS RDS Instance and attaches the instance to a public subnet (e.g. a subnet which is addressable to/from the internet) then the developer and compliance team are notified'),
(7, 'rds-detect-unencrypt', 10, 'If a developer creates an AWS RDS Instance and the storage attached to the Instance is not encrypted then the the developer and compliance team are notified.'),
(8, 'lambda-detect-unauth', 7, 'If a developer creates an AWS Lambda function and attaches the instance to a public subnet (e.g. a subnet which is addressable to/from the internet) then the developer and compliance team are notified');

-- --------------------------------------------------------

--
-- Table structure for table `user`
--

CREATE TABLE `user` (
  `user_id` int(11) NOT NULL,
  `user_name` varchar(20) NOT NULL,
  `role_id` int(11) NOT NULL,
  `customer_id` int(11) NOT NULL
) ENGINE=InnoDB DEFAULT CHARSET=utf8mb4;

--
-- Dumping data for table `user`
--

INSERT INTO `user` (`user_id`, `user_name`, `role_id`, `customer_id`) VALUES
(1, 'system', 1, 1);

-- --------------------------------------------------------

--
-- Table structure for table `user_role`
--

CREATE TABLE `user_role` (
  `user_role_id` int(11) NOT NULL,
  `user_role_name` varchar(20) NOT NULL
) ENGINE=InnoDB DEFAULT CHARSET=utf8mb4;

--
-- Dumping data for table `user_role`
--

INSERT INTO `user_role` (`user_role_id`, `user_role_name`) VALUES
(1, 'system');

--
-- Indexes for dumped tables
--

--
-- Indexes for table `account`
--
ALTER TABLE `account`
  ADD PRIMARY KEY (`account_id`),
  ADD KEY `platform_id` (`platform_id`),
  ADD KEY `customer_id` (`customer_id`);

--
-- Indexes for table `customer`
--
ALTER TABLE `customer`
  ADD PRIMARY KEY (`customer_id`);

--
-- Indexes for table `exception`
--
ALTER TABLE `exception`
  ADD PRIMARY KEY (`exception_id`),
  ADD KEY `customer_id` (`customer_id`),
  ADD KEY `rule_id` (`rule_id`);

--
-- Indexes for table `exception_audit`
--
ALTER TABLE `exception_audit`
  ADD PRIMARY KEY (`exception_audit_id`),
  ADD KEY `customer_id` (`customer_id`),
  ADD KEY `exception_id` (`exception_id`),
  ADD KEY `user_id` (`user_id`),
  ADD KEY `rule_id` (`rule_id`);

--
-- Indexes for table `non_compliance`
--
ALTER TABLE `non_compliance`
  ADD PRIMARY KEY (`resource_id`,`rule_id`),
  ADD UNIQUE KEY `resource_id` (`resource_id`,`rule_id`),
  ADD KEY `rule_id` (`rule_id`);

--
-- Indexes for table `non_compliance_audit`
--
ALTER TABLE `non_compliance_audit`
  ADD PRIMARY KEY (`non_complaince_audit_id`),
  ADD KEY `resource_id` (`resource_id`),
  ADD KEY `rule_id` (`rule_id`),
  ADD KEY `user_id` (`user_id`);

--
-- Indexes for table `platform`
--
ALTER TABLE `platform`
  ADD PRIMARY KEY (`platform_id`);

--
-- Indexes for table `resource`
--
ALTER TABLE `resource`
  ADD PRIMARY KEY (`resource_id`),
  ADD KEY `account_id` (`account_id`),
  ADD KEY `resource_type_id` (`resource_type_id`);

--
-- Indexes for table `resource_type`
--
ALTER TABLE `resource_type`
  ADD PRIMARY KEY (`resource_type_id`),
  ADD KEY `platform_id` (`platform_id`);

--
-- Indexes for table `rule`
--
ALTER TABLE `rule`
  ADD PRIMARY KEY (`rule_id`),
  ADD KEY `resource_type_id` (`resource_type_id`);

--
-- Indexes for table `user`
--
ALTER TABLE `user`
  ADD PRIMARY KEY (`user_id`),
  ADD KEY `role_id` (`role_id`),
  ADD KEY `customer_id` (`customer_id`);

--
-- Indexes for table `user_role`
--
ALTER TABLE `user_role`
  ADD PRIMARY KEY (`user_role_id`);

--
-- Constraints for dumped tables
--

--
-- Constraints for table `account`
--
ALTER TABLE `account`
  ADD CONSTRAINT `account_ibfk_1` FOREIGN KEY (`platform_id`) REFERENCES `platform` (`platform_id`) ON DELETE CASCADE ON UPDATE CASCADE,
  ADD CONSTRAINT `account_ibfk_2` FOREIGN KEY (`customer_id`) REFERENCES `customer` (`customer_id`) ON DELETE CASCADE ON UPDATE CASCADE;

--
-- Constraints for table `exception`
--
ALTER TABLE `exception`
  ADD CONSTRAINT `exception_ibfk_1` FOREIGN KEY (`customer_id`) REFERENCES `customer` (`customer_id`) ON DELETE CASCADE ON UPDATE CASCADE,
  ADD CONSTRAINT `exception_ibfk_2` FOREIGN KEY (`rule_id`) REFERENCES `rule` (`rule_id`) ON DELETE CASCADE ON UPDATE CASCADE;

--
-- Constraints for table `exception_audit`
--
ALTER TABLE `exception_audit`
  ADD CONSTRAINT `exception_audit_ibfk_1` FOREIGN KEY (`customer_id`) REFERENCES `customer` (`customer_id`) ON DELETE CASCADE ON UPDATE CASCADE,
  ADD CONSTRAINT `exception_audit_ibfk_2` FOREIGN KEY (`exception_id`) REFERENCES `exception` (`exception_id`) ON DELETE CASCADE ON UPDATE CASCADE,
  ADD CONSTRAINT `exception_audit_ibfk_3` FOREIGN KEY (`user_id`) REFERENCES `user` (`user_id`) ON DELETE CASCADE ON UPDATE CASCADE,
  ADD CONSTRAINT `exception_audit_ibfk_4` FOREIGN KEY (`rule_id`) REFERENCES `rule` (`rule_id`) ON DELETE CASCADE ON UPDATE CASCADE;

--
-- Constraints for table `non_compliance`
--
ALTER TABLE `non_compliance`
  ADD CONSTRAINT `non_compliance_ibfk_1` FOREIGN KEY (`rule_id`) REFERENCES `rule` (`rule_id`) ON DELETE CASCADE ON UPDATE CASCADE,
  ADD CONSTRAINT `non_compliance_ibfk_2` FOREIGN KEY (`resource_id`) REFERENCES `resource` (`resource_id`) ON DELETE CASCADE ON UPDATE CASCADE;

--
-- Constraints for table `non_compliance_audit`
--
ALTER TABLE `non_compliance_audit`
  ADD CONSTRAINT `non_compliance_audit_ibfk_1` FOREIGN KEY (`resource_id`) REFERENCES `resource` (`resource_id`) ON DELETE CASCADE ON UPDATE CASCADE,
  ADD CONSTRAINT `non_compliance_audit_ibfk_2` FOREIGN KEY (`rule_id`) REFERENCES `rule` (`rule_id`) ON DELETE CASCADE ON UPDATE CASCADE,
  ADD CONSTRAINT `non_compliance_audit_ibfk_3` FOREIGN KEY (`user_id`) REFERENCES `user` (`user_id`) ON DELETE CASCADE ON UPDATE CASCADE;

--
-- Constraints for table `resource`
--
ALTER TABLE `resource`
  ADD CONSTRAINT `resource_ibfk_1` FOREIGN KEY (`account_id`) REFERENCES `account` (`account_id`) ON DELETE CASCADE ON UPDATE CASCADE,
  ADD CONSTRAINT `resource_ibfk_2` FOREIGN KEY (`resource_type_id`) REFERENCES `resource_type` (`resource_type_id`) ON DELETE CASCADE ON UPDATE CASCADE;

--
-- Constraints for table `resource_type`
--
ALTER TABLE `resource_type`
  ADD CONSTRAINT `resource_type_ibfk_1` FOREIGN KEY (`platform_id`) REFERENCES `platform` (`platform_id`) ON DELETE CASCADE ON UPDATE CASCADE;

--
-- Constraints for table `rule`
--
ALTER TABLE `rule`
  ADD CONSTRAINT `rule_ibfk_1` FOREIGN KEY (`resource_type_id`) REFERENCES `resource_type` (`resource_type_id`) ON DELETE CASCADE ON UPDATE CASCADE;

--
-- Constraints for table `user`
--
ALTER TABLE `user`
  ADD CONSTRAINT `user_ibfk_1` FOREIGN KEY (`role_id`) REFERENCES `user_role` (`user_role_id`) ON DELETE CASCADE ON UPDATE CASCADE,
  ADD CONSTRAINT `user_ibfk_2` FOREIGN KEY (`customer_id`) REFERENCES `customer` (`customer_id`) ON DELETE CASCADE ON UPDATE CASCADE;
COMMIT;

/*!40101 SET CHARACTER_SET_CLIENT=@OLD_CHARACTER_SET_CLIENT */;
/*!40101 SET CHARACTER_SET_RESULTS=@OLD_CHARACTER_SET_RESULTS */;
/*!40101 SET COLLATION_CONNECTION=@OLD_COLLATION_CONNECTION */;
